№,Компания,Регион / Город,Канал связи,Контакт (Тел/Email),Сайт компании,Ссылка для отправки (1 КЛИК),Почему подходят DEVDUO,Готовый текст сообщения,Статус обращения
1,A-One Web Design,ОАЭ (Дубай),WhatsApp,+971543470278,https://webdesignindubai.com,https://wa.me/971543470278?text=Hi%20A-One%20Web%20Design%20team%21%20%F0%9F%91%8B%0A%0AI%27m%20Imran%2C%20co-founder%20at%20DEVDUO%20Studio%20%28https%3A//imron-backend-frotend.github.io/devduo-agency/en/%29.%20We%20are%20an%20engineering%20studio%20of%20two%20senior%20developers%20%28Lead%20Backend%20Architect%20%2B%20Senior%20Frontend%20Engineer%29.%0A%0AWe%20partner%20with%20digital%20and%20creative%20agencies%20across%20the%20Gulf%20and%20globally%20as%20a%20dedicated%20white-label%20engineering%20arm.%20When%20you%20need%20custom%20web%20platforms%2C%20complex%20backends%20%28FastAPI/Python/Node%29%2C%20or%20mobile/AI%20systems%2C%20we%20build%20them%20under%20your%20brand%3A%0A%0A%E2%80%A2%20100%25%20Senior%20engineers%20%28clean%20architecture%2C%2014ms%20API%20latency%29%0A%E2%80%A2%20Fast%20turnarounds%20%28MVPs%20in%202%E2%80%934%20weeks%2C%20fixed%20sprints%20from%20%24490%29%0A%E2%80%A2%20Complete%20privacy%20%26%20white-label%20delivery%0A%0AAre%20you%20open%20to%20having%20a%20reliable%20technical%20partner%20for%20your%20upcoming%20client%20projects%3F%0A%0ABest%20regards%2C%0AImran%20%26%20Mubin%20%7C%20DEVDUO%0ATelegram%3A%20%40rolldurov%0AEmail%3A%20devduo.engineering%40gmail.com%0A,Веб-дизайн и порталы в Дубае. Постоянно ищут надежных бэкенд-партнеров под проекты под ключ.,"Hi A-One Web Design team! 👋

I'm Imran, co-founder at DEVDUO Studio (https://imron-backend-frotend.github.io/devduo-agency/en/). We are an engineering studio of two senior developers (Lead Backend Architect + Senior Frontend Engineer).

We partner with digital and creative agencies across the Gulf and globally as a dedicated white-label engineering arm. When you need custom web platforms, complex backends (FastAPI/Python/Node), or mobile/AI systems, we build them under your brand:

• 100% Senior engineers (clean architecture, 14ms API latency)
• Fast turnarounds (MVPs in 2–4 weeks, fixed sprints from $490)
• Complete privacy & white-label delivery

Are you open to having a reliable technical partner for your upcoming client projects?

Best regards,
Imran & Mubin | DEVDUO
Telegram: @rolldurov
Email: devduo.engineering@gmail.com
",Ожидает отправки
2,Woxier Digital,ОАЭ (Дубай),WhatsApp,+971506063996,https://woxier.ae,https://wa.me/971506063996?text=Hi%20Woxier%20Digital%20team%21%20%F0%9F%91%8B%0A%0AI%27m%20Imran%2C%20co-founder%20at%20DEVDUO%20Studio%20%28https%3A//imron-backend-frotend.github.io/devduo-agency/en/%29.%20We%20are%20an%20engineering%20studio%20of%20two%20senior%20developers%20%28Lead%20Backend%20Architect%20%2B%20Senior%20Frontend%20Engineer%29.%0A%0AWe%20partner%20with%20digital%20and%20creative%20agencies%20across%20the%20Gulf%20and%20globally%20as%20a%20dedicated%20white-label%20engineering%20arm.%20When%20you%20need%20custom%20web%20platforms%2C%20complex%20backends%20%28FastAPI/Python/Node%29%2C%20or%20mobile/AI%20systems%2C%20we%20build%20them%20under%20your%20brand%3A%0A%0A%E2%80%A2%20100%25%20Senior%20engineers%20%28clean%20architecture%2C%2014ms%20API%20latency%29%0A%E2%80%A2%20Fast%20turnarounds%20%28MVPs%20in%202%E2%80%934%20weeks%2C%20fixed%20sprints%20from%20%24490%29%0A%E2%80%A2%20Complete%20privacy%20%26%20white-label%20delivery%0A%0AAre%20you%20open%20to%20having%20a%20reliable%20technical%20partner%20for%20your%20upcoming%20client%20projects%3F%0A%0ABest%20regards%2C%0AImran%20%26%20Mubin%20%7C%20DEVDUO%0ATelegram%3A%20%40rolldurov%0AEmail%3A%20devduo.engineering%40gmail.com%0A,"Студия мобильной и веб-разработки. Большой поток клиентов, отдают сложные интеграции на аутсорс.","Hi Woxier Digital team! 👋

I'm Imran, co-founder at DEVDUO Studio (https://imron-backend-frotend.github.io/devduo-agency/en/). We are an engineering studio of two senior developers (Lead Backend Architect + Senior Frontend Engineer).

We partner with digital and creative agencies across the Gulf and globally as a dedicated white-label engineering arm. When you need custom web platforms, complex backends (FastAPI/Python/Node), or mobile/AI systems, we build them under your brand:

• 100% Senior engineers (clean architecture, 14ms API latency)
• Fast turnarounds (MVPs in 2–4 weeks, fixed sprints from $490)
• Complete privacy & white-label delivery

Are you open to having a reliable technical partner for your upcoming client projects?

Best regards,
Imran & Mubin | DEVDUO
Telegram: @rolldurov
Email: devduo.engineering@gmail.com
",Ожидает отправки
3,Creative971,ОАЭ (Дубай),WhatsApp,+971544012919,https://creative971.com,https://wa.me/971544012919?text=Hi%20Creative971%20team%21%20%F0%9F%91%8B%0A%0AI%27m%20Imran%2C%20co-founder%20at%20DEVDUO%20Studio%20%28https%3A//imron-backend-frotend.github.io/devduo-agency/en/%29.%20We%20are%20an%20engineering%20studio%20of%20two%20senior%20developers%20%28Lead%20Backend%20Architect%20%2B%20Senior%20Frontend%20Engineer%29.%0A%0AWe%20partner%20with%20digital%20and%20creative%20agencies%20across%20the%20Gulf%20and%20globally%20as%20a%20dedicated%20white-label%20engineering%20arm.%20When%20you%20need%20custom%20web%20platforms%2C%20complex%20backends%20%28FastAPI/Python/Node%29%2C%20or%20mobile/AI%20systems%2C%20we%20build%20them%20under%20your%20brand%3A%0A%0A%E2%80%A2%20100%25%20Senior%20engineers%20%28clean%20architecture%2C%2014ms%20API%20latency%29%0A%E2%80%A2%20Fast%20turnarounds%20%28MVPs%20in%202%E2%80%934%20weeks%2C%20fixed%20sprints%20from%20%24490%29%0A%E2%80%A2%20Complete%20privacy%20%26%20white-label%20delivery%0A%0AAre%20you%20open%20to%20having%20a%20reliable%20technical%20partner%20for%20your%20upcoming%20client%20projects%3F%0A%0ABest%20regards%2C%0AImran%20%26%20Mubin%20%7C%20DEVDUO%0ATelegram%3A%20%40rolldurov%0AEmail%3A%20devduo.engineering%40gmail.com%0A,"Премиум агентство e-commerce и веб-систем. Высокие чеки ($5,000+), ценят чистый код.","Hi Creative971 team! 👋

I'm Imran, co-founder at DEVDUO Studio (https://imron-backend-frotend.github.io/devduo-agency/en/). We are an engineering studio of two senior developers (Lead Backend Architect + Senior Frontend Engineer).

We partner with digital and creative agencies across the Gulf and globally as a dedicated white-label engineering arm. When you need custom web platforms, complex backends (FastAPI/Python/Node), or mobile/AI systems, we build them under your brand:

• 100% Senior engineers (clean architecture, 14ms API latency)
• Fast turnarounds (MVPs in 2–4 weeks, fixed sprints from $490)
• Complete privacy & white-label delivery

Are you open to having a reliable technical partner for your upcoming client projects?

Best regards,
Imran & Mubin | DEVDUO
Telegram: @rolldurov
Email: devduo.engineering@gmail.com
",Ожидает отправки
4,Dubai Web Design (DWD),ОАЭ (Дубай),WhatsApp,+971555515475,https://dubaiwebdesign.com,https://wa.me/971555515475?text=Hi%20Dubai%20Web%20Design%20%28DWD%29%20team%21%20%F0%9F%91%8B%0A%0AI%27m%20Imran%2C%20co-founder%20at%20DEVDUO%20Studio%20%28https%3A//imron-backend-frotend.github.io/devduo-agency/en/%29.%20We%20are%20an%20engineering%20studio%20of%20two%20senior%20developers%20%28Lead%20Backend%20Architect%20%2B%20Senior%20Frontend%20Engineer%29.%0A%0AWe%20partner%20with%20digital%20and%20creative%20agencies%20across%20the%20Gulf%20and%20globally%20as%20a%20dedicated%20white-label%20engineering%20arm.%20When%20you%20need%20custom%20web%20platforms%2C%20complex%20backends%20%28FastAPI/Python/Node%29%2C%20or%20mobile/AI%20systems%2C%20we%20build%20them%20under%20your%20brand%3A%0A%0A%E2%80%A2%20100%25%20Senior%20engineers%20%28clean%20architecture%2C%2014ms%20API%20latency%29%0A%E2%80%A2%20Fast%20turnarounds%20%28MVPs%20in%202%E2%80%934%20weeks%2C%20fixed%20sprints%20from%20%24490%29%0A%E2%80%A2%20Complete%20privacy%20%26%20white-label%20delivery%0A%0AAre%20you%20open%20to%20having%20a%20reliable%20technical%20partner%20for%20your%20upcoming%20client%20projects%3F%0A%0ABest%20regards%2C%0AImran%20%26%20Mubin%20%7C%20DEVDUO%0ATelegram%3A%20%40rolldurov%0AEmail%3A%20devduo.engineering%40gmail.com%0A,Одно из старейших диджитал-агентств Дубая. Корпоративные порталы и заказной софт.,"Hi Dubai Web Design (DWD) team! 👋

I'm Imran, co-founder at DEVDUO Studio (https://imron-backend-frotend.github.io/devduo-agency/en/). We are an engineering studio of two senior developers (Lead Backend Architect + Senior Frontend Engineer).

We partner with digital and creative agencies across the Gulf and globally as a dedicated white-label engineering arm. When you need custom web platforms, complex backends (FastAPI/Python/Node), or mobile/AI systems, we build them under your brand:

• 100% Senior engineers (clean architecture, 14ms API latency)
• Fast turnarounds (MVPs in 2–4 weeks, fixed sprints from $490)
• Complete privacy & white-label delivery

Are you open to having a reliable technical partner for your upcoming client projects?

Best regards,
Imran & Mubin | DEVDUO
Telegram: @rolldurov
Email: devduo.engineering@gmail.com
",Ожидает отправки
5,Digiant Media,ОАЭ (Дубай),WhatsApp,+971551353016,https://digiantmedia.com,https://wa.me/971551353016?text=Hi%20Digiant%20Media%20team%21%20%F0%9F%91%8B%0A%0AI%27m%20Imran%2C%20co-founder%20at%20DEVDUO%20Studio%20%28https%3A//imron-backend-frotend.github.io/devduo-agency/en/%29.%20We%20are%20an%20engineering%20studio%20of%20two%20senior%20developers%20%28Lead%20Backend%20Architect%20%2B%20Senior%20Frontend%20Engineer%29.%0A%0AWe%20partner%20with%20digital%20and%20creative%20agencies%20across%20the%20Gulf%20and%20globally%20as%20a%20dedicated%20white-label%20engineering%20arm.%20When%20you%20need%20custom%20web%20platforms%2C%20complex%20backends%20%28FastAPI/Python/Node%29%2C%20or%20mobile/AI%20systems%2C%20we%20build%20them%20under%20your%20brand%3A%0A%0A%E2%80%A2%20100%25%20Senior%20engineers%20%28clean%20architecture%2C%2014ms%20API%20latency%29%0A%E2%80%A2%20Fast%20turnarounds%20%28MVPs%20in%202%E2%80%934%20weeks%2C%20fixed%20sprints%20from%20%24490%29%0A%E2%80%A2%20Complete%20privacy%20%26%20white-label%20delivery%0A%0AAre%20you%20open%20to%20having%20a%20reliable%20technical%20partner%20for%20your%20upcoming%20client%20projects%3F%0A%0ABest%20regards%2C%0AImran%20%26%20Mubin%20%7C%20DEVDUO%0ATelegram%3A%20%40rolldurov%0AEmail%3A%20devduo.engineering%40gmail.com%0A,"Агентство веб-интеграций и цифровых решений в Business Bay, Дубай.","Hi Digiant Media team! 👋

I'm Imran, co-founder at DEVDUO Studio (https://imron-backend-frotend.github.io/devduo-agency/en/). We are an engineering studio of two senior developers (Lead Backend Architect + Senior Frontend Engineer).

We partner with digital and creative agencies across the Gulf and globally as a dedicated white-label engineering arm. When you need custom web platforms, complex backends (FastAPI/Python/Node), or mobile/AI systems, we build them under your brand:

• 100% Senior engineers (clean architecture, 14ms API latency)
• Fast turnarounds (MVPs in 2–4 weeks, fixed sprints from $490)
• Complete privacy & white-label delivery

Are you open to having a reliable technical partner for your upcoming client projects?

Best regards,
Imran & Mubin | DEVDUO
Telegram: @rolldurov
Email: devduo.engineering@gmail.com
",Ожидает отправки
6,Digital Advengers,ОАЭ (Дубай),WhatsApp,+971508371091,https://digitaladvengers.com,https://wa.me/971508371091?text=Hi%20Digital%20Advengers%20team%21%20%F0%9F%91%8B%0A%0AI%27m%20Imran%2C%20co-founder%20at%20DEVDUO%20Studio%20%28https%3A//imron-backend-frotend.github.io/devduo-agency/en/%29.%20We%20are%20an%20engineering%20studio%20of%20two%20senior%20developers%20%28Lead%20Backend%20Architect%20%2B%20Senior%20Frontend%20Engineer%29.%0A%0AWe%20partner%20with%20digital%20and%20creative%20agencies%20across%20the%20Gulf%20and%20globally%20as%20a%20dedicated%20white-label%20engineering%20arm.%20When%20you%20need%20custom%20web%20platforms%2C%20complex%20backends%20%28FastAPI/Python/Node%29%2C%20or%20mobile/AI%20systems%2C%20we%20build%20them%20under%20your%20brand%3A%0A%0A%E2%80%A2%20100%25%20Senior%20engineers%20%28clean%20architecture%2C%2014ms%20API%20latency%29%0A%E2%80%A2%20Fast%20turnarounds%20%28MVPs%20in%202%E2%80%934%20weeks%2C%20fixed%20sprints%20from%20%24490%29%0A%E2%80%A2%20Complete%20privacy%20%26%20white-label%20delivery%0A%0AAre%20you%20open%20to%20having%20a%20reliable%20technical%20partner%20for%20your%20upcoming%20client%20projects%3F%0A%0ABest%20regards%2C%0AImran%20%26%20Mubin%20%7C%20DEVDUO%0ATelegram%3A%20%40rolldurov%0AEmail%3A%20devduo.engineering%40gmail.com%0A,"Креативное агентство в ОАЭ. Делают дизайн, разработку часто берут на субподряд.","Hi Digital Advengers team! 👋

I'm Imran, co-founder at DEVDUO Studio (https://imron-backend-frotend.github.io/devduo-agency/en/). We are an engineering studio of two senior developers (Lead Backend Architect + Senior Frontend Engineer).

We partner with digital and creative agencies across the Gulf and globally as a dedicated white-label engineering arm. When you need custom web platforms, complex backends (FastAPI/Python/Node), or mobile/AI systems, we build them under your brand:

• 100% Senior engineers (clean architecture, 14ms API latency)
• Fast turnarounds (MVPs in 2–4 weeks, fixed sprints from $490)
• Complete privacy & white-label delivery

Are you open to having a reliable technical partner for your upcoming client projects?

Best regards,
Imran & Mubin | DEVDUO
Telegram: @rolldurov
Email: devduo.engineering@gmail.com
",Ожидает отправки
7,Easywebplans IT LLC,ОАЭ (Дубай),WhatsApp,+971568491313,https://easywebplans.ae,https://wa.me/971568491313?text=Hi%20Easywebplans%20IT%20LLC%20team%21%20%F0%9F%91%8B%0A%0AI%27m%20Imran%2C%20co-founder%20at%20DEVDUO%20Studio%20%28https%3A//imron-backend-frotend.github.io/devduo-agency/en/%29.%20We%20are%20an%20engineering%20studio%20of%20two%20senior%20developers%20%28Lead%20Backend%20Architect%20%2B%20Senior%20Frontend%20Engineer%29.%0A%0AWe%20partner%20with%20digital%20and%20creative%20agencies%20across%20the%20Gulf%20and%20globally%20as%20a%20dedicated%20white-label%20engineering%20arm.%20When%20you%20need%20custom%20web%20platforms%2C%20complex%20backends%20%28FastAPI/Python/Node%29%2C%20or%20mobile/AI%20systems%2C%20we%20build%20them%20under%20your%20brand%3A%0A%0A%E2%80%A2%20100%25%20Senior%20engineers%20%28clean%20architecture%2C%2014ms%20API%20latency%29%0A%E2%80%A2%20Fast%20turnarounds%20%28MVPs%20in%202%E2%80%934%20weeks%2C%20fixed%20sprints%20from%20%24490%29%0A%E2%80%A2%20Complete%20privacy%20%26%20white-label%20delivery%0A%0AAre%20you%20open%20to%20having%20a%20reliable%20technical%20partner%20for%20your%20upcoming%20client%20projects%3F%0A%0ABest%20regards%2C%0AImran%20%26%20Mubin%20%7C%20DEVDUO%0ATelegram%3A%20%40rolldurov%0AEmail%3A%20devduo.engineering%40gmail.com%0A,IT-компания заказной веб-разработки и CRM-систем в Дубае.,"Hi Easywebplans IT LLC team! 👋

I'm Imran, co-founder at DEVDUO Studio (https://imron-backend-frotend.github.io/devduo-agency/en/). We are an engineering studio of two senior developers (Lead Backend Architect + Senior Frontend Engineer).

We partner with digital and creative agencies across the Gulf and globally as a dedicated white-label engineering arm. When you need custom web platforms, complex backends (FastAPI/Python/Node), or mobile/AI systems, we build them under your brand:

• 100% Senior engineers (clean architecture, 14ms API latency)
• Fast turnarounds (MVPs in 2–4 weeks, fixed sprints from $490)
• Complete privacy & white-label delivery

Are you open to having a reliable technical partner for your upcoming client projects?

Best regards,
Imran & Mubin | DEVDUO
Telegram: @rolldurov
Email: devduo.engineering@gmail.com
",Ожидает отправки
8,Nile Web Agency,ОАЭ (Дубай),WhatsApp,+971545430169,https://nile.ae,https://wa.me/971545430169?text=Hi%20Nile%20Web%20Agency%20team%21%20%F0%9F%91%8B%0A%0AI%27m%20Imran%2C%20co-founder%20at%20DEVDUO%20Studio%20%28https%3A//imron-backend-frotend.github.io/devduo-agency/en/%29.%20We%20are%20an%20engineering%20studio%20of%20two%20senior%20developers%20%28Lead%20Backend%20Architect%20%2B%20Senior%20Frontend%20Engineer%29.%0A%0AWe%20partner%20with%20digital%20and%20creative%20agencies%20across%20the%20Gulf%20and%20globally%20as%20a%20dedicated%20white-label%20engineering%20arm.%20When%20you%20need%20custom%20web%20platforms%2C%20complex%20backends%20%28FastAPI/Python/Node%29%2C%20or%20mobile/AI%20systems%2C%20we%20build%20them%20under%20your%20brand%3A%0A%0A%E2%80%A2%20100%25%20Senior%20engineers%20%28clean%20architecture%2C%2014ms%20API%20latency%29%0A%E2%80%A2%20Fast%20turnarounds%20%28MVPs%20in%202%E2%80%934%20weeks%2C%20fixed%20sprints%20from%20%24490%29%0A%E2%80%A2%20Complete%20privacy%20%26%20white-label%20delivery%0A%0AAre%20you%20open%20to%20having%20a%20reliable%20technical%20partner%20for%20your%20upcoming%20client%20projects%3F%0A%0ABest%20regards%2C%0AImran%20%26%20Mubin%20%7C%20DEVDUO%0ATelegram%3A%20%40rolldurov%0AEmail%3A%20devduo.engineering%40gmail.com%0A,Дизайн-агентство в Дубае. Специализируются на брендинге и премиальных сайтах.,"Hi Nile Web Agency team! 👋

I'm Imran, co-founder at DEVDUO Studio (https://imron-backend-frotend.github.io/devduo-agency/en/). We are an engineering studio of two senior developers (Lead Backend Architect + Senior Frontend Engineer).

We partner with digital and creative agencies across the Gulf and globally as a dedicated white-label engineering arm. When you need custom web platforms, complex backends (FastAPI/Python/Node), or mobile/AI systems, we build them under your brand:

• 100% Senior engineers (clean architecture, 14ms API latency)
• Fast turnarounds (MVPs in 2–4 weeks, fixed sprints from $490)
• Complete privacy & white-label delivery

Are you open to having a reliable technical partner for your upcoming client projects?

Best regards,
Imran & Mubin | DEVDUO
Telegram: @rolldurov
Email: devduo.engineering@gmail.com
",Ожидает отправки
9,Leads Dubai,ОАЭ (Дубай),WhatsApp,+971503047470,https://leadsdubai.com,https://wa.me/971503047470?text=Hi%20Leads%20Dubai%20team%21%20%F0%9F%91%8B%0A%0AI%27m%20Imran%2C%20co-founder%20at%20DEVDUO%20Studio%20%28https%3A//imron-backend-frotend.github.io/devduo-agency/en/%29.%20We%20are%20an%20engineering%20studio%20of%20two%20senior%20developers%20%28Lead%20Backend%20Architect%20%2B%20Senior%20Frontend%20Engineer%29.%0A%0AWe%20partner%20with%20digital%20and%20creative%20agencies%20across%20the%20Gulf%20and%20globally%20as%20a%20dedicated%20white-label%20engineering%20arm.%20When%20you%20need%20custom%20web%20platforms%2C%20complex%20backends%20%28FastAPI/Python/Node%29%2C%20or%20mobile/AI%20systems%2C%20we%20build%20them%20under%20your%20brand%3A%0A%0A%E2%80%A2%20100%25%20Senior%20engineers%20%28clean%20architecture%2C%2014ms%20API%20latency%29%0A%E2%80%A2%20Fast%20turnarounds%20%28MVPs%20in%202%E2%80%934%20weeks%2C%20fixed%20sprints%20from%20%24490%29%0A%E2%80%A2%20Complete%20privacy%20%26%20white-label%20delivery%0A%0AAre%20you%20open%20to%20having%20a%20reliable%20technical%20partner%20for%20your%20upcoming%20client%20projects%3F%0A%0ABest%20regards%2C%0AImran%20%26%20Mubin%20%7C%20DEVDUO%0ATelegram%3A%20%40rolldurov%0AEmail%3A%20devduo.engineering%40gmail.com%0A,Крупное диджитал-агентство. Регулярно привлекают разработчиков на субподряд.,"Hi Leads Dubai team! 👋

I'm Imran, co-founder at DEVDUO Studio (https://imron-backend-frotend.github.io/devduo-agency/en/). We are an engineering studio of two senior developers (Lead Backend Architect + Senior Frontend Engineer).

We partner with digital and creative agencies across the Gulf and globally as a dedicated white-label engineering arm. When you need custom web platforms, complex backends (FastAPI/Python/Node), or mobile/AI systems, we build them under your brand:

• 100% Senior engineers (clean architecture, 14ms API latency)
• Fast turnarounds (MVPs in 2–4 weeks, fixed sprints from $490)
• Complete privacy & white-label delivery

Are you open to having a reliable technical partner for your upcoming client projects?

Best regards,
Imran & Mubin | DEVDUO
Telegram: @rolldurov
Email: devduo.engineering@gmail.com
",Ожидает отправки
10,Digital Media Sapiens,ОАЭ (Дубай),WhatsApp,+971507867884,https://digitalmediasapiens.com,https://wa.me/971507867884?text=Hi%20Digital%20Media%20Sapiens%20team%21%20%F0%9F%91%8B%0A%0AI%27m%20Imran%2C%20co-founder%20at%20DEVDUO%20Studio%20%28https%3A//imron-backend-frotend.github.io/devduo-agency/en/%29.%20We%20are%20an%20engineering%20studio%20of%20two%20senior%20developers%20%28Lead%20Backend%20Architect%20%2B%20Senior%20Frontend%20Engineer%29.%0A%0AWe%20partner%20with%20digital%20and%20creative%20agencies%20across%20the%20Gulf%20and%20globally%20as%20a%20dedicated%20white-label%20engineering%20arm.%20When%20you%20need%20custom%20web%20platforms%2C%20complex%20backends%20%28FastAPI/Python/Node%29%2C%20or%20mobile/AI%20systems%2C%20we%20build%20them%20under%20your%20brand%3A%0A%0A%E2%80%A2%20100%25%20Senior%20engineers%20%28clean%20architecture%2C%2014ms%20API%20latency%29%0A%E2%80%A2%20Fast%20turnarounds%20%28MVPs%20in%202%E2%80%934%20weeks%2C%20fixed%20sprints%20from%20%24490%29%0A%E2%80%A2%20Complete%20privacy%20%26%20white-label%20delivery%0A%0AAre%20you%20open%20to%20having%20a%20reliable%20technical%20partner%20for%20your%20upcoming%20client%20projects%3F%0A%0ABest%20regards%2C%0AImran%20%26%20Mubin%20%7C%20DEVDUO%0ATelegram%3A%20%40rolldurov%0AEmail%3A%20devduo.engineering%40gmail.com%0A,Агентство веб-разработки и мобильных приложений в Дубае.,"Hi Digital Media Sapiens team! 👋

I'm Imran, co-founder at DEVDUO Studio (https://imron-backend-frotend.github.io/devduo-agency/en/). We are an engineering studio of two senior developers (Lead Backend Architect + Senior Frontend Engineer).

We partner with digital and creative agencies across the Gulf and globally as a dedicated white-label engineering arm. When you need custom web platforms, complex backends (FastAPI/Python/Node), or mobile/AI systems, we build them under your brand:

• 100% Senior engineers (clean architecture, 14ms API latency)
• Fast turnarounds (MVPs in 2–4 weeks, fixed sprints from $490)
• Complete privacy & white-label delivery

Are you open to having a reliable technical partner for your upcoming client projects?

Best regards,
Imran & Mubin | DEVDUO
Telegram: @rolldurov
Email: devduo.engineering@gmail.com
",Ожидает отправки
11,A2Z Webinfotech,ОАЭ (Дубай),WhatsApp,+971544875436,https://a2zwebinfotech.ae,https://wa.me/971544875436?text=Hi%20A2Z%20Webinfotech%20team%21%20%F0%9F%91%8B%0A%0AI%27m%20Imran%2C%20co-founder%20at%20DEVDUO%20Studio%20%28https%3A//imron-backend-frotend.github.io/devduo-agency/en/%29.%20We%20are%20an%20engineering%20studio%20of%20two%20senior%20developers%20%28Lead%20Backend%20Architect%20%2B%20Senior%20Frontend%20Engineer%29.%0A%0AWe%20partner%20with%20digital%20and%20creative%20agencies%20across%20the%20Gulf%20and%20globally%20as%20a%20dedicated%20white-label%20engineering%20arm.%20When%20you%20need%20custom%20web%20platforms%2C%20complex%20backends%20%28FastAPI/Python/Node%29%2C%20or%20mobile/AI%20systems%2C%20we%20build%20them%20under%20your%20brand%3A%0A%0A%E2%80%A2%20100%25%20Senior%20engineers%20%28clean%20architecture%2C%2014ms%20API%20latency%29%0A%E2%80%A2%20Fast%20turnarounds%20%28MVPs%20in%202%E2%80%934%20weeks%2C%20fixed%20sprints%20from%20%24490%29%0A%E2%80%A2%20Complete%20privacy%20%26%20white-label%20delivery%0A%0AAre%20you%20open%20to%20having%20a%20reliable%20technical%20partner%20for%20your%20upcoming%20client%20projects%3F%0A%0ABest%20regards%2C%0AImran%20%26%20Mubin%20%7C%20DEVDUO%0ATelegram%3A%20%40rolldurov%0AEmail%3A%20devduo.engineering%40gmail.com%0A,"Веб-студия системной разработки, открыты к партнерству по Full-Stack и Next.js.","Hi A2Z Webinfotech team! 👋

I'm Imran, co-founder at DEVDUO Studio (https://imron-backend-frotend.github.io/devduo-agency/en/). We are an engineering studio of two senior developers (Lead Backend Architect + Senior Frontend Engineer).

We partner with digital and creative agencies across the Gulf and globally as a dedicated white-label engineering arm. When you need custom web platforms, complex backends (FastAPI/Python/Node), or mobile/AI systems, we build them under your brand:

• 100% Senior engineers (clean architecture, 14ms API latency)
• Fast turnarounds (MVPs in 2–4 weeks, fixed sprints from $490)
• Complete privacy & white-label delivery

Are you open to having a reliable technical partner for your upcoming client projects?

Best regards,
Imran & Mubin | DEVDUO
Telegram: @rolldurov
Email: devduo.engineering@gmail.com
",Ожидает отправки
12,Lead Smart Web Solutions,ОАЭ (Абу-Даби),WhatsApp,+971555212254,https://leadbyweb.com,https://wa.me/971555212254?text=Hi%20Lead%20Smart%20Web%20Solutions%20team%21%20%F0%9F%91%8B%0A%0AI%27m%20Imran%2C%20co-founder%20at%20DEVDUO%20Studio%20%28https%3A//imron-backend-frotend.github.io/devduo-agency/en/%29.%20We%20are%20an%20engineering%20studio%20of%20two%20senior%20developers%20%28Lead%20Backend%20Architect%20%2B%20Senior%20Frontend%20Engineer%29.%0A%0AWe%20partner%20with%20digital%20and%20creative%20agencies%20across%20the%20Gulf%20and%20globally%20as%20a%20dedicated%20white-label%20engineering%20arm.%20When%20you%20need%20custom%20web%20platforms%2C%20complex%20backends%20%28FastAPI/Python/Node%29%2C%20or%20mobile/AI%20systems%2C%20we%20build%20them%20under%20your%20brand%3A%0A%0A%E2%80%A2%20100%25%20Senior%20engineers%20%28clean%20architecture%2C%2014ms%20API%20latency%29%0A%E2%80%A2%20Fast%20turnarounds%20%28MVPs%20in%202%E2%80%934%20weeks%2C%20fixed%20sprints%20from%20%24490%29%0A%E2%80%A2%20Complete%20privacy%20%26%20white-label%20delivery%0A%0AAre%20you%20open%20to%20having%20a%20reliable%20technical%20partner%20for%20your%20upcoming%20client%20projects%3F%0A%0ABest%20regards%2C%0AImran%20%26%20Mubin%20%7C%20DEVDUO%0ATelegram%3A%20%40rolldurov%0AEmail%3A%20devduo.engineering%40gmail.com%0A,Агентство веб-разработки в столице ОАЭ (Абу-Даби). Корпоративные платформы.,"Hi Lead Smart Web Solutions team! 👋

I'm Imran, co-founder at DEVDUO Studio (https://imron-backend-frotend.github.io/devduo-agency/en/). We are an engineering studio of two senior developers (Lead Backend Architect + Senior Frontend Engineer).

We partner with digital and creative agencies across the Gulf and globally as a dedicated white-label engineering arm. When you need custom web platforms, complex backends (FastAPI/Python/Node), or mobile/AI systems, we build them under your brand:

• 100% Senior engineers (clean architecture, 14ms API latency)
• Fast turnarounds (MVPs in 2–4 weeks, fixed sprints from $490)
• Complete privacy & white-label delivery

Are you open to having a reliable technical partner for your upcoming client projects?

Best regards,
Imran & Mubin | DEVDUO
Telegram: @rolldurov
Email: devduo.engineering@gmail.com
",Ожидает отправки
13,Aquaholic Solutions (AQ),ОАЭ (Абу-Даби),WhatsApp,+971505705820,https://aqcreative.ae,https://wa.me/971505705820?text=Hi%20Aquaholic%20Solutions%20%28AQ%29%20team%21%20%F0%9F%91%8B%0A%0AI%27m%20Imran%2C%20co-founder%20at%20DEVDUO%20Studio%20%28https%3A//imron-backend-frotend.github.io/devduo-agency/en/%29.%20We%20are%20an%20engineering%20studio%20of%20two%20senior%20developers%20%28Lead%20Backend%20Architect%20%2B%20Senior%20Frontend%20Engineer%29.%0A%0AWe%20partner%20with%20digital%20and%20creative%20agencies%20across%20the%20Gulf%20and%20globally%20as%20a%20dedicated%20white-label%20engineering%20arm.%20When%20you%20need%20custom%20web%20platforms%2C%20complex%20backends%20%28FastAPI/Python/Node%29%2C%20or%20mobile/AI%20systems%2C%20we%20build%20them%20under%20your%20brand%3A%0A%0A%E2%80%A2%20100%25%20Senior%20engineers%20%28clean%20architecture%2C%2014ms%20API%20latency%29%0A%E2%80%A2%20Fast%20turnarounds%20%28MVPs%20in%202%E2%80%934%20weeks%2C%20fixed%20sprints%20from%20%24490%29%0A%E2%80%A2%20Complete%20privacy%20%26%20white-label%20delivery%0A%0AAre%20you%20open%20to%20having%20a%20reliable%20technical%20partner%20for%20your%20upcoming%20client%20projects%3F%0A%0ABest%20regards%2C%0AImran%20%26%20Mubin%20%7C%20DEVDUO%0ATelegram%3A%20%40rolldurov%0AEmail%3A%20devduo.engineering%40gmail.com%0A,"Дизайн-бутик в Абу-Даби. Делают брендинг, разработку передают внешним инженерам.","Hi Aquaholic Solutions (AQ) team! 👋

I'm Imran, co-founder at DEVDUO Studio (https://imron-backend-frotend.github.io/devduo-agency/en/). We are an engineering studio of two senior developers (Lead Backend Architect + Senior Frontend Engineer).

We partner with digital and creative agencies across the Gulf and globally as a dedicated white-label engineering arm. When you need custom web platforms, complex backends (FastAPI/Python/Node), or mobile/AI systems, we build them under your brand:

• 100% Senior engineers (clean architecture, 14ms API latency)
• Fast turnarounds (MVPs in 2–4 weeks, fixed sprints from $490)
• Complete privacy & white-label delivery

Are you open to having a reliable technical partner for your upcoming client projects?

Best regards,
Imran & Mubin | DEVDUO
Telegram: @rolldurov
Email: devduo.engineering@gmail.com
",Ожидает отправки
14,Abu Dhabi Digital Tech,ОАЭ (Абу-Даби),WhatsApp,+971508482289,https://abudhabifreelancer.com,https://wa.me/971508482289?text=Hi%20Abu%20Dhabi%20Digital%20Tech%20team%21%20%F0%9F%91%8B%0A%0AI%27m%20Imran%2C%20co-founder%20at%20DEVDUO%20Studio%20%28https%3A//imron-backend-frotend.github.io/devduo-agency/en/%29.%20We%20are%20an%20engineering%20studio%20of%20two%20senior%20developers%20%28Lead%20Backend%20Architect%20%2B%20Senior%20Frontend%20Engineer%29.%0A%0AWe%20partner%20with%20digital%20and%20creative%20agencies%20across%20the%20Gulf%20and%20globally%20as%20a%20dedicated%20white-label%20engineering%20arm.%20When%20you%20need%20custom%20web%20platforms%2C%20complex%20backends%20%28FastAPI/Python/Node%29%2C%20or%20mobile/AI%20systems%2C%20we%20build%20them%20under%20your%20brand%3A%0A%0A%E2%80%A2%20100%25%20Senior%20engineers%20%28clean%20architecture%2C%2014ms%20API%20latency%29%0A%E2%80%A2%20Fast%20turnarounds%20%28MVPs%20in%202%E2%80%934%20weeks%2C%20fixed%20sprints%20from%20%24490%29%0A%E2%80%A2%20Complete%20privacy%20%26%20white-label%20delivery%0A%0AAre%20you%20open%20to%20having%20a%20reliable%20technical%20partner%20for%20your%20upcoming%20client%20projects%3F%0A%0ABest%20regards%2C%0AImran%20%26%20Mubin%20%7C%20DEVDUO%0ATelegram%3A%20%40rolldurov%0AEmail%3A%20devduo.engineering%40gmail.com%0A,IT-консалтинг и веб-разработка под ключ в Абу-Даби.,"Hi Abu Dhabi Digital Tech team! 👋

I'm Imran, co-founder at DEVDUO Studio (https://imron-backend-frotend.github.io/devduo-agency/en/). We are an engineering studio of two senior developers (Lead Backend Architect + Senior Frontend Engineer).

We partner with digital and creative agencies across the Gulf and globally as a dedicated white-label engineering arm. When you need custom web platforms, complex backends (FastAPI/Python/Node), or mobile/AI systems, we build them under your brand:

• 100% Senior engineers (clean architecture, 14ms API latency)
• Fast turnarounds (MVPs in 2–4 weeks, fixed sprints from $490)
• Complete privacy & white-label delivery

Are you open to having a reliable technical partner for your upcoming client projects?

Best regards,
Imran & Mubin | DEVDUO
Telegram: @rolldurov
Email: devduo.engineering@gmail.com
",Ожидает отправки
15,General Tech & Design,ОАЭ (Дубай),WhatsApp,+971542858955,https://facebook.com/generaltechdesign,https://wa.me/971542858955?text=Hi%20General%20Tech%20%26%20Design%20team%21%20%F0%9F%91%8B%0A%0AI%27m%20Imran%2C%20co-founder%20at%20DEVDUO%20Studio%20%28https%3A//imron-backend-frotend.github.io/devduo-agency/en/%29.%20We%20are%20an%20engineering%20studio%20of%20two%20senior%20developers%20%28Lead%20Backend%20Architect%20%2B%20Senior%20Frontend%20Engineer%29.%0A%0AWe%20partner%20with%20digital%20and%20creative%20agencies%20across%20the%20Gulf%20and%20globally%20as%20a%20dedicated%20white-label%20engineering%20arm.%20When%20you%20need%20custom%20web%20platforms%2C%20complex%20backends%20%28FastAPI/Python/Node%29%2C%20or%20mobile/AI%20systems%2C%20we%20build%20them%20under%20your%20brand%3A%0A%0A%E2%80%A2%20100%25%20Senior%20engineers%20%28clean%20architecture%2C%2014ms%20API%20latency%29%0A%E2%80%A2%20Fast%20turnarounds%20%28MVPs%20in%202%E2%80%934%20weeks%2C%20fixed%20sprints%20from%20%24490%29%0A%E2%80%A2%20Complete%20privacy%20%26%20white-label%20delivery%0A%0AAre%20you%20open%20to%20having%20a%20reliable%20technical%20partner%20for%20your%20upcoming%20client%20projects%3F%0A%0ABest%20regards%2C%0AImran%20%26%20Mubin%20%7C%20DEVDUO%0ATelegram%3A%20%40rolldurov%0AEmail%3A%20devduo.engineering%40gmail.com%0A,IT и веб-сервисы в Дубае. Быстрые ответы в WhatsApp.,"Hi General Tech & Design team! 👋

I'm Imran, co-founder at DEVDUO Studio (https://imron-backend-frotend.github.io/devduo-agency/en/). We are an engineering studio of two senior developers (Lead Backend Architect + Senior Frontend Engineer).

We partner with digital and creative agencies across the Gulf and globally as a dedicated white-label engineering arm. When you need custom web platforms, complex backends (FastAPI/Python/Node), or mobile/AI systems, we build them under your brand:

• 100% Senior engineers (clean architecture, 14ms API latency)
• Fast turnarounds (MVPs in 2–4 weeks, fixed sprints from $490)
• Complete privacy & white-label delivery

Are you open to having a reliable technical partner for your upcoming client projects?

Best regards,
Imran & Mubin | DEVDUO
Telegram: @rolldurov
Email: devduo.engineering@gmail.com
",Ожидает отправки
16,Digital Growth Solutions,Саудовская Аравия (Эр-Рияд),WhatsApp,+966539969700,https://dgsolutions.sa,https://wa.me/966539969700?text=Hi%20Digital%20Growth%20Solutions%20team%21%20%F0%9F%91%8B%0A%0AI%27m%20Imran%2C%20co-founder%20at%20DEVDUO%20Studio%20%28https%3A//imron-backend-frotend.github.io/devduo-agency/en/%29.%20We%20are%20an%20engineering%20studio%20of%20two%20senior%20developers%20%28Lead%20Backend%20Architect%20%2B%20Senior%20Frontend%20Engineer%29.%0A%0AWe%20partner%20with%20digital%20and%20creative%20agencies%20across%20the%20Gulf%20and%20globally%20as%20a%20dedicated%20white-label%20engineering%20arm.%20When%20you%20need%20custom%20web%20platforms%2C%20complex%20backends%20%28FastAPI/Python/Node%29%2C%20or%20mobile/AI%20systems%2C%20we%20build%20them%20under%20your%20brand%3A%0A%0A%E2%80%A2%20100%25%20Senior%20engineers%20%28clean%20architecture%2C%2014ms%20API%20latency%29%0A%E2%80%A2%20Fast%20turnarounds%20%28MVPs%20in%202%E2%80%934%20weeks%2C%20fixed%20sprints%20from%20%24490%29%0A%E2%80%A2%20Complete%20privacy%20%26%20white-label%20delivery%0A%0AAre%20you%20open%20to%20having%20a%20reliable%20technical%20partner%20for%20your%20upcoming%20client%20projects%3F%0A%0ABest%20regards%2C%0AImran%20%26%20Mubin%20%7C%20DEVDUO%0ATelegram%3A%20%40rolldurov%0AEmail%3A%20devduo.engineering%40gmail.com%0A,Ведущее IT-агентство в Эр-Рияде. Огромные бюджеты по программе Vision 2030.,"Hi Digital Growth Solutions team! 👋

I'm Imran, co-founder at DEVDUO Studio (https://imron-backend-frotend.github.io/devduo-agency/en/). We are an engineering studio of two senior developers (Lead Backend Architect + Senior Frontend Engineer).

We partner with digital and creative agencies across the Gulf and globally as a dedicated white-label engineering arm. When you need custom web platforms, complex backends (FastAPI/Python/Node), or mobile/AI systems, we build them under your brand:

• 100% Senior engineers (clean architecture, 14ms API latency)
• Fast turnarounds (MVPs in 2–4 weeks, fixed sprints from $490)
• Complete privacy & white-label delivery

Are you open to having a reliable technical partner for your upcoming client projects?

Best regards,
Imran & Mubin | DEVDUO
Telegram: @rolldurov
Email: devduo.engineering@gmail.com
",Ожидает отправки
17,Local City Solutions,Саудовская Аравия (Эр-Рияд),WhatsApp,+966564229190,https://localcitysolutions.com,https://wa.me/966564229190?text=Hi%20Local%20City%20Solutions%20team%21%20%F0%9F%91%8B%0A%0AI%27m%20Imran%2C%20co-founder%20at%20DEVDUO%20Studio%20%28https%3A//imron-backend-frotend.github.io/devduo-agency/en/%29.%20We%20are%20an%20engineering%20studio%20of%20two%20senior%20developers%20%28Lead%20Backend%20Architect%20%2B%20Senior%20Frontend%20Engineer%29.%0A%0AWe%20partner%20with%20digital%20and%20creative%20agencies%20across%20the%20Gulf%20and%20globally%20as%20a%20dedicated%20white-label%20engineering%20arm.%20When%20you%20need%20custom%20web%20platforms%2C%20complex%20backends%20%28FastAPI/Python/Node%29%2C%20or%20mobile/AI%20systems%2C%20we%20build%20them%20under%20your%20brand%3A%0A%0A%E2%80%A2%20100%25%20Senior%20engineers%20%28clean%20architecture%2C%2014ms%20API%20latency%29%0A%E2%80%A2%20Fast%20turnarounds%20%28MVPs%20in%202%E2%80%934%20weeks%2C%20fixed%20sprints%20from%20%24490%29%0A%E2%80%A2%20Complete%20privacy%20%26%20white-label%20delivery%0A%0AAre%20you%20open%20to%20having%20a%20reliable%20technical%20partner%20for%20your%20upcoming%20client%20projects%3F%0A%0ABest%20regards%2C%0AImran%20%26%20Mubin%20%7C%20DEVDUO%0ATelegram%3A%20%40rolldurov%0AEmail%3A%20devduo.engineering%40gmail.com%0A,Веб-дизайн и e-commerce решения в Саудовской Аравии.,"Hi Local City Solutions team! 👋

I'm Imran, co-founder at DEVDUO Studio (https://imron-backend-frotend.github.io/devduo-agency/en/). We are an engineering studio of two senior developers (Lead Backend Architect + Senior Frontend Engineer).

We partner with digital and creative agencies across the Gulf and globally as a dedicated white-label engineering arm. When you need custom web platforms, complex backends (FastAPI/Python/Node), or mobile/AI systems, we build them under your brand:

• 100% Senior engineers (clean architecture, 14ms API latency)
• Fast turnarounds (MVPs in 2–4 weeks, fixed sprints from $490)
• Complete privacy & white-label delivery

Are you open to having a reliable technical partner for your upcoming client projects?

Best regards,
Imran & Mubin | DEVDUO
Telegram: @rolldurov
Email: devduo.engineering@gmail.com
",Ожидает отправки
18,Crayo Tech,Саудовская Аравия (Эр-Рияд),WhatsApp,+966536069636,https://crayotech.com,https://wa.me/966536069636?text=Hi%20Crayo%20Tech%20team%21%20%F0%9F%91%8B%0A%0AI%27m%20Imran%2C%20co-founder%20at%20DEVDUO%20Studio%20%28https%3A//imron-backend-frotend.github.io/devduo-agency/en/%29.%20We%20are%20an%20engineering%20studio%20of%20two%20senior%20developers%20%28Lead%20Backend%20Architect%20%2B%20Senior%20Frontend%20Engineer%29.%0A%0AWe%20partner%20with%20digital%20and%20creative%20agencies%20across%20the%20Gulf%20and%20globally%20as%20a%20dedicated%20white-label%20engineering%20arm.%20When%20you%20need%20custom%20web%20platforms%2C%20complex%20backends%20%28FastAPI/Python/Node%29%2C%20or%20mobile/AI%20systems%2C%20we%20build%20them%20under%20your%20brand%3A%0A%0A%E2%80%A2%20100%25%20Senior%20engineers%20%28clean%20architecture%2C%2014ms%20API%20latency%29%0A%E2%80%A2%20Fast%20turnarounds%20%28MVPs%20in%202%E2%80%934%20weeks%2C%20fixed%20sprints%20from%20%24490%29%0A%E2%80%A2%20Complete%20privacy%20%26%20white-label%20delivery%0A%0AAre%20you%20open%20to%20having%20a%20reliable%20technical%20partner%20for%20your%20upcoming%20client%20projects%3F%0A%0ABest%20regards%2C%0AImran%20%26%20Mubin%20%7C%20DEVDUO%0ATelegram%3A%20%40rolldurov%0AEmail%3A%20devduo.engineering%40gmail.com%0A,Технологическая студия в Саудовской Аравии. Разрабатывают веб-приложения.,"Hi Crayo Tech team! 👋

I'm Imran, co-founder at DEVDUO Studio (https://imron-backend-frotend.github.io/devduo-agency/en/). We are an engineering studio of two senior developers (Lead Backend Architect + Senior Frontend Engineer).

We partner with digital and creative agencies across the Gulf and globally as a dedicated white-label engineering arm. When you need custom web platforms, complex backends (FastAPI/Python/Node), or mobile/AI systems, we build them under your brand:

• 100% Senior engineers (clean architecture, 14ms API latency)
• Fast turnarounds (MVPs in 2–4 weeks, fixed sprints from $490)
• Complete privacy & white-label delivery

Are you open to having a reliable technical partner for your upcoming client projects?

Best regards,
Imran & Mubin | DEVDUO
Telegram: @rolldurov
Email: devduo.engineering@gmail.com
",Ожидает отправки
19,Web Design KSA,Саудовская Аравия (Эр-Рияд),WhatsApp,+966577975969,https://webdesignksa.com,https://wa.me/966577975969?text=Hi%20Web%20Design%20KSA%20team%21%20%F0%9F%91%8B%0A%0AI%27m%20Imran%2C%20co-founder%20at%20DEVDUO%20Studio%20%28https%3A//imron-backend-frotend.github.io/devduo-agency/en/%29.%20We%20are%20an%20engineering%20studio%20of%20two%20senior%20developers%20%28Lead%20Backend%20Architect%20%2B%20Senior%20Frontend%20Engineer%29.%0A%0AWe%20partner%20with%20digital%20and%20creative%20agencies%20across%20the%20Gulf%20and%20globally%20as%20a%20dedicated%20white-label%20engineering%20arm.%20When%20you%20need%20custom%20web%20platforms%2C%20complex%20backends%20%28FastAPI/Python/Node%29%2C%20or%20mobile/AI%20systems%2C%20we%20build%20them%20under%20your%20brand%3A%0A%0A%E2%80%A2%20100%25%20Senior%20engineers%20%28clean%20architecture%2C%2014ms%20API%20latency%29%0A%E2%80%A2%20Fast%20turnarounds%20%28MVPs%20in%202%E2%80%934%20weeks%2C%20fixed%20sprints%20from%20%24490%29%0A%E2%80%A2%20Complete%20privacy%20%26%20white-label%20delivery%0A%0AAre%20you%20open%20to%20having%20a%20reliable%20technical%20partner%20for%20your%20upcoming%20client%20projects%3F%0A%0ABest%20regards%2C%0AImran%20%26%20Mubin%20%7C%20DEVDUO%0ATelegram%3A%20%40rolldurov%0AEmail%3A%20devduo.engineering%40gmail.com%0A,Специализированная веб-студия в Рияде. Заказы на сайты под ключ.,"Hi Web Design KSA team! 👋

I'm Imran, co-founder at DEVDUO Studio (https://imron-backend-frotend.github.io/devduo-agency/en/). We are an engineering studio of two senior developers (Lead Backend Architect + Senior Frontend Engineer).

We partner with digital and creative agencies across the Gulf and globally as a dedicated white-label engineering arm. When you need custom web platforms, complex backends (FastAPI/Python/Node), or mobile/AI systems, we build them under your brand:

• 100% Senior engineers (clean architecture, 14ms API latency)
• Fast turnarounds (MVPs in 2–4 weeks, fixed sprints from $490)
• Complete privacy & white-label delivery

Are you open to having a reliable technical partner for your upcoming client projects?

Best regards,
Imran & Mubin | DEVDUO
Telegram: @rolldurov
Email: devduo.engineering@gmail.com
",Ожидает отправки
20,Wisoft Solutions KSA,Саудовская Аравия (Эр-Рияд),WhatsApp,+966508376256,https://wisoftsolutions.sa,https://wa.me/966508376256?text=Hi%20Wisoft%20Solutions%20KSA%20team%21%20%F0%9F%91%8B%0A%0AI%27m%20Imran%2C%20co-founder%20at%20DEVDUO%20Studio%20%28https%3A//imron-backend-frotend.github.io/devduo-agency/en/%29.%20We%20are%20an%20engineering%20studio%20of%20two%20senior%20developers%20%28Lead%20Backend%20Architect%20%2B%20Senior%20Frontend%20Engineer%29.%0A%0AWe%20partner%20with%20digital%20and%20creative%20agencies%20across%20the%20Gulf%20and%20globally%20as%20a%20dedicated%20white-label%20engineering%20arm.%20When%20you%20need%20custom%20web%20platforms%2C%20complex%20backends%20%28FastAPI/Python/Node%29%2C%20or%20mobile/AI%20systems%2C%20we%20build%20them%20under%20your%20brand%3A%0A%0A%E2%80%A2%20100%25%20Senior%20engineers%20%28clean%20architecture%2C%2014ms%20API%20latency%29%0A%E2%80%A2%20Fast%20turnarounds%20%28MVPs%20in%202%E2%80%934%20weeks%2C%20fixed%20sprints%20from%20%24490%29%0A%E2%80%A2%20Complete%20privacy%20%26%20white-label%20delivery%0A%0AAre%20you%20open%20to%20having%20a%20reliable%20technical%20partner%20for%20your%20upcoming%20client%20projects%3F%0A%0ABest%20regards%2C%0AImran%20%26%20Mubin%20%7C%20DEVDUO%0ATelegram%3A%20%40rolldurov%0AEmail%3A%20devduo.engineering%40gmail.com%0A,IT-агентство в районе Al-Wurud в Рияде. Нуждаются в надежных бэкендерах.,"Hi Wisoft Solutions KSA team! 👋

I'm Imran, co-founder at DEVDUO Studio (https://imron-backend-frotend.github.io/devduo-agency/en/). We are an engineering studio of two senior developers (Lead Backend Architect + Senior Frontend Engineer).

We partner with digital and creative agencies across the Gulf and globally as a dedicated white-label engineering arm. When you need custom web platforms, complex backends (FastAPI/Python/Node), or mobile/AI systems, we build them under your brand:

• 100% Senior engineers (clean architecture, 14ms API latency)
• Fast turnarounds (MVPs in 2–4 weeks, fixed sprints from $490)
• Complete privacy & white-label delivery

Are you open to having a reliable technical partner for your upcoming client projects?

Best regards,
Imran & Mubin | DEVDUO
Telegram: @rolldurov
Email: devduo.engineering@gmail.com
",Ожидает отправки
21,Safha Tech Studio,Саудовская Аравия (Эр-Рияд),WhatsApp,+966551238910,https://safha.sa,https://wa.me/966551238910?text=Hi%20Safha%20Tech%20Studio%20team%21%20%F0%9F%91%8B%0A%0AI%27m%20Imran%2C%20co-founder%20at%20DEVDUO%20Studio%20%28https%3A//imron-backend-frotend.github.io/devduo-agency/en/%29.%20We%20are%20an%20engineering%20studio%20of%20two%20senior%20developers%20%28Lead%20Backend%20Architect%20%2B%20Senior%20Frontend%20Engineer%29.%0A%0AWe%20partner%20with%20digital%20and%20creative%20agencies%20across%20the%20Gulf%20and%20globally%20as%20a%20dedicated%20white-label%20engineering%20arm.%20When%20you%20need%20custom%20web%20platforms%2C%20complex%20backends%20%28FastAPI/Python/Node%29%2C%20or%20mobile/AI%20systems%2C%20we%20build%20them%20under%20your%20brand%3A%0A%0A%E2%80%A2%20100%25%20Senior%20engineers%20%28clean%20architecture%2C%2014ms%20API%20latency%29%0A%E2%80%A2%20Fast%20turnarounds%20%28MVPs%20in%202%E2%80%934%20weeks%2C%20fixed%20sprints%20from%20%24490%29%0A%E2%80%A2%20Complete%20privacy%20%26%20white-label%20delivery%0A%0AAre%20you%20open%20to%20having%20a%20reliable%20technical%20partner%20for%20your%20upcoming%20client%20projects%3F%0A%0ABest%20regards%2C%0AImran%20%26%20Mubin%20%7C%20DEVDUO%0ATelegram%3A%20%40rolldurov%0AEmail%3A%20devduo.engineering%40gmail.com%0A,Разработка интерфейсов и SaaS-решений для местного бизнеса в Саудовской Аравии.,"Hi Safha Tech Studio team! 👋

I'm Imran, co-founder at DEVDUO Studio (https://imron-backend-frotend.github.io/devduo-agency/en/). We are an engineering studio of two senior developers (Lead Backend Architect + Senior Frontend Engineer).

We partner with digital and creative agencies across the Gulf and globally as a dedicated white-label engineering arm. When you need custom web platforms, complex backends (FastAPI/Python/Node), or mobile/AI systems, we build them under your brand:

• 100% Senior engineers (clean architecture, 14ms API latency)
• Fast turnarounds (MVPs in 2–4 weeks, fixed sprints from $490)
• Complete privacy & white-label delivery

Are you open to having a reliable technical partner for your upcoming client projects?

Best regards,
Imran & Mubin | DEVDUO
Telegram: @rolldurov
Email: devduo.engineering@gmail.com
",Ожидает отправки
22,Bytes Future,Саудовская Аравия (Эр-Рияд),WhatsApp,+966541298741,https://bytesfuture.com,https://wa.me/966541298741?text=Hi%20Bytes%20Future%20team%21%20%F0%9F%91%8B%0A%0AI%27m%20Imran%2C%20co-founder%20at%20DEVDUO%20Studio%20%28https%3A//imron-backend-frotend.github.io/devduo-agency/en/%29.%20We%20are%20an%20engineering%20studio%20of%20two%20senior%20developers%20%28Lead%20Backend%20Architect%20%2B%20Senior%20Frontend%20Engineer%29.%0A%0AWe%20partner%20with%20digital%20and%20creative%20agencies%20across%20the%20Gulf%20and%20globally%20as%20a%20dedicated%20white-label%20engineering%20arm.%20When%20you%20need%20custom%20web%20platforms%2C%20complex%20backends%20%28FastAPI/Python/Node%29%2C%20or%20mobile/AI%20systems%2C%20we%20build%20them%20under%20your%20brand%3A%0A%0A%E2%80%A2%20100%25%20Senior%20engineers%20%28clean%20architecture%2C%2014ms%20API%20latency%29%0A%E2%80%A2%20Fast%20turnarounds%20%28MVPs%20in%202%E2%80%934%20weeks%2C%20fixed%20sprints%20from%20%24490%29%0A%E2%80%A2%20Complete%20privacy%20%26%20white-label%20delivery%0A%0AAre%20you%20open%20to%20having%20a%20reliable%20technical%20partner%20for%20your%20upcoming%20client%20projects%3F%0A%0ABest%20regards%2C%0AImran%20%26%20Mubin%20%7C%20DEVDUO%0ATelegram%3A%20%40rolldurov%0AEmail%3A%20devduo.engineering%40gmail.com%0A,Диджитал-агентство полного цикла с клиентами по всей Саудовской Аравии.,"Hi Bytes Future team! 👋

I'm Imran, co-founder at DEVDUO Studio (https://imron-backend-frotend.github.io/devduo-agency/en/). We are an engineering studio of two senior developers (Lead Backend Architect + Senior Frontend Engineer).

We partner with digital and creative agencies across the Gulf and globally as a dedicated white-label engineering arm. When you need custom web platforms, complex backends (FastAPI/Python/Node), or mobile/AI systems, we build them under your brand:

• 100% Senior engineers (clean architecture, 14ms API latency)
• Fast turnarounds (MVPs in 2–4 weeks, fixed sprints from $490)
• Complete privacy & white-label delivery

Are you open to having a reliable technical partner for your upcoming client projects?

Best regards,
Imran & Mubin | DEVDUO
Telegram: @rolldurov
Email: devduo.engineering@gmail.com
",Ожидает отправки
23,Standard Touch KSA,Саудовская Аравия (Джидда),WhatsApp,+966509871234,https://standardtouch.com,https://wa.me/966509871234?text=Hi%20Standard%20Touch%20KSA%20team%21%20%F0%9F%91%8B%0A%0AI%27m%20Imran%2C%20co-founder%20at%20DEVDUO%20Studio%20%28https%3A//imron-backend-frotend.github.io/devduo-agency/en/%29.%20We%20are%20an%20engineering%20studio%20of%20two%20senior%20developers%20%28Lead%20Backend%20Architect%20%2B%20Senior%20Frontend%20Engineer%29.%0A%0AWe%20partner%20with%20digital%20and%20creative%20agencies%20across%20the%20Gulf%20and%20globally%20as%20a%20dedicated%20white-label%20engineering%20arm.%20When%20you%20need%20custom%20web%20platforms%2C%20complex%20backends%20%28FastAPI/Python/Node%29%2C%20or%20mobile/AI%20systems%2C%20we%20build%20them%20under%20your%20brand%3A%0A%0A%E2%80%A2%20100%25%20Senior%20engineers%20%28clean%20architecture%2C%2014ms%20API%20latency%29%0A%E2%80%A2%20Fast%20turnarounds%20%28MVPs%20in%202%E2%80%934%20weeks%2C%20fixed%20sprints%20from%20%24490%29%0A%E2%80%A2%20Complete%20privacy%20%26%20white-label%20delivery%0A%0AAre%20you%20open%20to%20having%20a%20reliable%20technical%20partner%20for%20your%20upcoming%20client%20projects%3F%0A%0ABest%20regards%2C%0AImran%20%26%20Mubin%20%7C%20DEVDUO%0ATelegram%3A%20%40rolldurov%0AEmail%3A%20devduo.engineering%40gmail.com%0A,Студия заказного ПО и веб-порталов в Джидде (экономический хаб KSA).,"Hi Standard Touch KSA team! 👋

I'm Imran, co-founder at DEVDUO Studio (https://imron-backend-frotend.github.io/devduo-agency/en/). We are an engineering studio of two senior developers (Lead Backend Architect + Senior Frontend Engineer).

We partner with digital and creative agencies across the Gulf and globally as a dedicated white-label engineering arm. When you need custom web platforms, complex backends (FastAPI/Python/Node), or mobile/AI systems, we build them under your brand:

• 100% Senior engineers (clean architecture, 14ms API latency)
• Fast turnarounds (MVPs in 2–4 weeks, fixed sprints from $490)
• Complete privacy & white-label delivery

Are you open to having a reliable technical partner for your upcoming client projects?

Best regards,
Imran & Mubin | DEVDUO
Telegram: @rolldurov
Email: devduo.engineering@gmail.com
",Ожидает отправки
24,Al-Bayan Digital,Саудовская Аравия (Эр-Рияд),WhatsApp,+966538901245,https://albayan-digital.com,https://wa.me/966538901245?text=Hi%20Al-Bayan%20Digital%20team%21%20%F0%9F%91%8B%0A%0AI%27m%20Imran%2C%20co-founder%20at%20DEVDUO%20Studio%20%28https%3A//imron-backend-frotend.github.io/devduo-agency/en/%29.%20We%20are%20an%20engineering%20studio%20of%20two%20senior%20developers%20%28Lead%20Backend%20Architect%20%2B%20Senior%20Frontend%20Engineer%29.%0A%0AWe%20partner%20with%20digital%20and%20creative%20agencies%20across%20the%20Gulf%20and%20globally%20as%20a%20dedicated%20white-label%20engineering%20arm.%20When%20you%20need%20custom%20web%20platforms%2C%20complex%20backends%20%28FastAPI/Python/Node%29%2C%20or%20mobile/AI%20systems%2C%20we%20build%20them%20under%20your%20brand%3A%0A%0A%E2%80%A2%20100%25%20Senior%20engineers%20%28clean%20architecture%2C%2014ms%20API%20latency%29%0A%E2%80%A2%20Fast%20turnarounds%20%28MVPs%20in%202%E2%80%934%20weeks%2C%20fixed%20sprints%20from%20%24490%29%0A%E2%80%A2%20Complete%20privacy%20%26%20white-label%20delivery%0A%0AAre%20you%20open%20to%20having%20a%20reliable%20technical%20partner%20for%20your%20upcoming%20client%20projects%3F%0A%0ABest%20regards%2C%0AImran%20%26%20Mubin%20%7C%20DEVDUO%0ATelegram%3A%20%40rolldurov%0AEmail%3A%20devduo.engineering%40gmail.com%0A,Корпоративные порталы и ERP/CRM веб-приложения.,"Hi Al-Bayan Digital team! 👋

I'm Imran, co-founder at DEVDUO Studio (https://imron-backend-frotend.github.io/devduo-agency/en/). We are an engineering studio of two senior developers (Lead Backend Architect + Senior Frontend Engineer).

We partner with digital and creative agencies across the Gulf and globally as a dedicated white-label engineering arm. When you need custom web platforms, complex backends (FastAPI/Python/Node), or mobile/AI systems, we build them under your brand:

• 100% Senior engineers (clean architecture, 14ms API latency)
• Fast turnarounds (MVPs in 2–4 weeks, fixed sprints from $490)
• Complete privacy & white-label delivery

Are you open to having a reliable technical partner for your upcoming client projects?

Best regards,
Imran & Mubin | DEVDUO
Telegram: @rolldurov
Email: devduo.engineering@gmail.com
",Ожидает отправки
25,Riyadh Web Creators,Саудовская Аравия (Эр-Рияд),WhatsApp,+966567891230,https://riyadhcreators.sa,https://wa.me/966567891230?text=Hi%20Riyadh%20Web%20Creators%20team%21%20%F0%9F%91%8B%0A%0AI%27m%20Imran%2C%20co-founder%20at%20DEVDUO%20Studio%20%28https%3A//imron-backend-frotend.github.io/devduo-agency/en/%29.%20We%20are%20an%20engineering%20studio%20of%20two%20senior%20developers%20%28Lead%20Backend%20Architect%20%2B%20Senior%20Frontend%20Engineer%29.%0A%0AWe%20partner%20with%20digital%20and%20creative%20agencies%20across%20the%20Gulf%20and%20globally%20as%20a%20dedicated%20white-label%20engineering%20arm.%20When%20you%20need%20custom%20web%20platforms%2C%20complex%20backends%20%28FastAPI/Python/Node%29%2C%20or%20mobile/AI%20systems%2C%20we%20build%20them%20under%20your%20brand%3A%0A%0A%E2%80%A2%20100%25%20Senior%20engineers%20%28clean%20architecture%2C%2014ms%20API%20latency%29%0A%E2%80%A2%20Fast%20turnarounds%20%28MVPs%20in%202%E2%80%934%20weeks%2C%20fixed%20sprints%20from%20%24490%29%0A%E2%80%A2%20Complete%20privacy%20%26%20white-label%20delivery%0A%0AAre%20you%20open%20to%20having%20a%20reliable%20technical%20partner%20for%20your%20upcoming%20client%20projects%3F%0A%0ABest%20regards%2C%0AImran%20%26%20Mubin%20%7C%20DEVDUO%0ATelegram%3A%20%40rolldurov%0AEmail%3A%20devduo.engineering%40gmail.com%0A,Разработка веб-сервисов и посадочных страниц для саудовских стартапов.,"Hi Riyadh Web Creators team! 👋

I'm Imran, co-founder at DEVDUO Studio (https://imron-backend-frotend.github.io/devduo-agency/en/). We are an engineering studio of two senior developers (Lead Backend Architect + Senior Frontend Engineer).

We partner with digital and creative agencies across the Gulf and globally as a dedicated white-label engineering arm. When you need custom web platforms, complex backends (FastAPI/Python/Node), or mobile/AI systems, we build them under your brand:

• 100% Senior engineers (clean architecture, 14ms API latency)
• Fast turnarounds (MVPs in 2–4 weeks, fixed sprints from $490)
• Complete privacy & white-label delivery

Are you open to having a reliable technical partner for your upcoming client projects?

Best regards,
Imran & Mubin | DEVDUO
Telegram: @rolldurov
Email: devduo.engineering@gmail.com
",Ожидает отправки
26,Artisans Digital,Катар (Доха),WhatsApp,+97431453222,https://artisans.qa,https://wa.me/97431453222?text=Hi%20Artisans%20Digital%20team%21%20%F0%9F%91%8B%0A%0AI%27m%20Imran%2C%20co-founder%20at%20DEVDUO%20Studio%20%28https%3A//imron-backend-frotend.github.io/devduo-agency/en/%29.%20We%20are%20an%20engineering%20studio%20of%20two%20senior%20developers%20%28Lead%20Backend%20Architect%20%2B%20Senior%20Frontend%20Engineer%29.%0A%0AWe%20partner%20with%20digital%20and%20creative%20agencies%20across%20the%20Gulf%20and%20globally%20as%20a%20dedicated%20white-label%20engineering%20arm.%20When%20you%20need%20custom%20web%20platforms%2C%20complex%20backends%20%28FastAPI/Python/Node%29%2C%20or%20mobile/AI%20systems%2C%20we%20build%20them%20under%20your%20brand%3A%0A%0A%E2%80%A2%20100%25%20Senior%20engineers%20%28clean%20architecture%2C%2014ms%20API%20latency%29%0A%E2%80%A2%20Fast%20turnarounds%20%28MVPs%20in%202%E2%80%934%20weeks%2C%20fixed%20sprints%20from%20%24490%29%0A%E2%80%A2%20Complete%20privacy%20%26%20white-label%20delivery%0A%0AAre%20you%20open%20to%20having%20a%20reliable%20technical%20partner%20for%20your%20upcoming%20client%20projects%3F%0A%0ABest%20regards%2C%0AImran%20%26%20Mubin%20%7C%20DEVDUO%0ATelegram%3A%20%40rolldurov%0AEmail%3A%20devduo.engineering%40gmail.com%0A,Премиальное диджитал-агентство в Катаре. Ищут инженеров на аутсорс.,"Hi Artisans Digital team! 👋

I'm Imran, co-founder at DEVDUO Studio (https://imron-backend-frotend.github.io/devduo-agency/en/). We are an engineering studio of two senior developers (Lead Backend Architect + Senior Frontend Engineer).

We partner with digital and creative agencies across the Gulf and globally as a dedicated white-label engineering arm. When you need custom web platforms, complex backends (FastAPI/Python/Node), or mobile/AI systems, we build them under your brand:

• 100% Senior engineers (clean architecture, 14ms API latency)
• Fast turnarounds (MVPs in 2–4 weeks, fixed sprints from $490)
• Complete privacy & white-label delivery

Are you open to having a reliable technical partner for your upcoming client projects?

Best regards,
Imran & Mubin | DEVDUO
Telegram: @rolldurov
Email: devduo.engineering@gmail.com
",Ожидает отправки
27,Creative Web Design Qatar,Катар (Доха),WhatsApp,+97431096699,https://webdesign.qa,https://wa.me/97431096699?text=Hi%20Creative%20Web%20Design%20Qatar%20team%21%20%F0%9F%91%8B%0A%0AI%27m%20Imran%2C%20co-founder%20at%20DEVDUO%20Studio%20%28https%3A//imron-backend-frotend.github.io/devduo-agency/en/%29.%20We%20are%20an%20engineering%20studio%20of%20two%20senior%20developers%20%28Lead%20Backend%20Architect%20%2B%20Senior%20Frontend%20Engineer%29.%0A%0AWe%20partner%20with%20digital%20and%20creative%20agencies%20across%20the%20Gulf%20and%20globally%20as%20a%20dedicated%20white-label%20engineering%20arm.%20When%20you%20need%20custom%20web%20platforms%2C%20complex%20backends%20%28FastAPI/Python/Node%29%2C%20or%20mobile/AI%20systems%2C%20we%20build%20them%20under%20your%20brand%3A%0A%0A%E2%80%A2%20100%25%20Senior%20engineers%20%28clean%20architecture%2C%2014ms%20API%20latency%29%0A%E2%80%A2%20Fast%20turnarounds%20%28MVPs%20in%202%E2%80%934%20weeks%2C%20fixed%20sprints%20from%20%24490%29%0A%E2%80%A2%20Complete%20privacy%20%26%20white-label%20delivery%0A%0AAre%20you%20open%20to%20having%20a%20reliable%20technical%20partner%20for%20your%20upcoming%20client%20projects%3F%0A%0ABest%20regards%2C%0AImran%20%26%20Mubin%20%7C%20DEVDUO%0ATelegram%3A%20%40rolldurov%0AEmail%3A%20devduo.engineering%40gmail.com%0A,Студия веб-разработки в Дохе. Очень высокий средний чек.,"Hi Creative Web Design Qatar team! 👋

I'm Imran, co-founder at DEVDUO Studio (https://imron-backend-frotend.github.io/devduo-agency/en/). We are an engineering studio of two senior developers (Lead Backend Architect + Senior Frontend Engineer).

We partner with digital and creative agencies across the Gulf and globally as a dedicated white-label engineering arm. When you need custom web platforms, complex backends (FastAPI/Python/Node), or mobile/AI systems, we build them under your brand:

• 100% Senior engineers (clean architecture, 14ms API latency)
• Fast turnarounds (MVPs in 2–4 weeks, fixed sprints from $490)
• Complete privacy & white-label delivery

Are you open to having a reliable technical partner for your upcoming client projects?

Best regards,
Imran & Mubin | DEVDUO
Telegram: @rolldurov
Email: devduo.engineering@gmail.com
",Ожидает отправки
28,PTC Media Qatar,Катар (Доха),WhatsApp,+97433176825,https://webdesign-qatar.com,https://wa.me/97433176825?text=Hi%20PTC%20Media%20Qatar%20team%21%20%F0%9F%91%8B%0A%0AI%27m%20Imran%2C%20co-founder%20at%20DEVDUO%20Studio%20%28https%3A//imron-backend-frotend.github.io/devduo-agency/en/%29.%20We%20are%20an%20engineering%20studio%20of%20two%20senior%20developers%20%28Lead%20Backend%20Architect%20%2B%20Senior%20Frontend%20Engineer%29.%0A%0AWe%20partner%20with%20digital%20and%20creative%20agencies%20across%20the%20Gulf%20and%20globally%20as%20a%20dedicated%20white-label%20engineering%20arm.%20When%20you%20need%20custom%20web%20platforms%2C%20complex%20backends%20%28FastAPI/Python/Node%29%2C%20or%20mobile/AI%20systems%2C%20we%20build%20them%20under%20your%20brand%3A%0A%0A%E2%80%A2%20100%25%20Senior%20engineers%20%28clean%20architecture%2C%2014ms%20API%20latency%29%0A%E2%80%A2%20Fast%20turnarounds%20%28MVPs%20in%202%E2%80%934%20weeks%2C%20fixed%20sprints%20from%20%24490%29%0A%E2%80%A2%20Complete%20privacy%20%26%20white-label%20delivery%0A%0AAre%20you%20open%20to%20having%20a%20reliable%20technical%20partner%20for%20your%20upcoming%20client%20projects%3F%0A%0ABest%20regards%2C%0AImran%20%26%20Mubin%20%7C%20DEVDUO%0ATelegram%3A%20%40rolldurov%0AEmail%3A%20devduo.engineering%40gmail.com%0A,Агентство веб-разработки в Дохе с 15-летним опытом.,"Hi PTC Media Qatar team! 👋

I'm Imran, co-founder at DEVDUO Studio (https://imron-backend-frotend.github.io/devduo-agency/en/). We are an engineering studio of two senior developers (Lead Backend Architect + Senior Frontend Engineer).

We partner with digital and creative agencies across the Gulf and globally as a dedicated white-label engineering arm. When you need custom web platforms, complex backends (FastAPI/Python/Node), or mobile/AI systems, we build them under your brand:

• 100% Senior engineers (clean architecture, 14ms API latency)
• Fast turnarounds (MVPs in 2–4 weeks, fixed sprints from $490)
• Complete privacy & white-label delivery

Are you open to having a reliable technical partner for your upcoming client projects?

Best regards,
Imran & Mubin | DEVDUO
Telegram: @rolldurov
Email: devduo.engineering@gmail.com
",Ожидает отправки
29,Web Design Agency Doha,Катар (Доха),WhatsApp,+97472045132,https://dohawebagency.com,https://wa.me/97472045132?text=Hi%20Web%20Design%20Agency%20Doha%20team%21%20%F0%9F%91%8B%0A%0AI%27m%20Imran%2C%20co-founder%20at%20DEVDUO%20Studio%20%28https%3A//imron-backend-frotend.github.io/devduo-agency/en/%29.%20We%20are%20an%20engineering%20studio%20of%20two%20senior%20developers%20%28Lead%20Backend%20Architect%20%2B%20Senior%20Frontend%20Engineer%29.%0A%0AWe%20partner%20with%20digital%20and%20creative%20agencies%20across%20the%20Gulf%20and%20globally%20as%20a%20dedicated%20white-label%20engineering%20arm.%20When%20you%20need%20custom%20web%20platforms%2C%20complex%20backends%20%28FastAPI/Python/Node%29%2C%20or%20mobile/AI%20systems%2C%20we%20build%20them%20under%20your%20brand%3A%0A%0A%E2%80%A2%20100%25%20Senior%20engineers%20%28clean%20architecture%2C%2014ms%20API%20latency%29%0A%E2%80%A2%20Fast%20turnarounds%20%28MVPs%20in%202%E2%80%934%20weeks%2C%20fixed%20sprints%20from%20%24490%29%0A%E2%80%A2%20Complete%20privacy%20%26%20white-label%20delivery%0A%0AAre%20you%20open%20to%20having%20a%20reliable%20technical%20partner%20for%20your%20upcoming%20client%20projects%3F%0A%0ABest%20regards%2C%0AImran%20%26%20Mubin%20%7C%20DEVDUO%0ATelegram%3A%20%40rolldurov%0AEmail%3A%20devduo.engineering%40gmail.com%0A,Кастомная разработка веб-решений для бизнеса в Катаре.,"Hi Web Design Agency Doha team! 👋

I'm Imran, co-founder at DEVDUO Studio (https://imron-backend-frotend.github.io/devduo-agency/en/). We are an engineering studio of two senior developers (Lead Backend Architect + Senior Frontend Engineer).

We partner with digital and creative agencies across the Gulf and globally as a dedicated white-label engineering arm. When you need custom web platforms, complex backends (FastAPI/Python/Node), or mobile/AI systems, we build them under your brand:

• 100% Senior engineers (clean architecture, 14ms API latency)
• Fast turnarounds (MVPs in 2–4 weeks, fixed sprints from $490)
• Complete privacy & white-label delivery

Are you open to having a reliable technical partner for your upcoming client projects?

Best regards,
Imran & Mubin | DEVDUO
Telegram: @rolldurov
Email: devduo.engineering@gmail.com
",Ожидает отправки
30,Kuwait Web Design (KWD),Кувейт (Эль-Кувейт),WhatsApp,+96565534477,https://kwd.com.co,https://wa.me/96565534477?text=Hi%20Kuwait%20Web%20Design%20%28KWD%29%20team%21%20%F0%9F%91%8B%0A%0AI%27m%20Imran%2C%20co-founder%20at%20DEVDUO%20Studio%20%28https%3A//imron-backend-frotend.github.io/devduo-agency/en/%29.%20We%20are%20an%20engineering%20studio%20of%20two%20senior%20developers%20%28Lead%20Backend%20Architect%20%2B%20Senior%20Frontend%20Engineer%29.%0A%0AWe%20partner%20with%20digital%20and%20creative%20agencies%20across%20the%20Gulf%20and%20globally%20as%20a%20dedicated%20white-label%20engineering%20arm.%20When%20you%20need%20custom%20web%20platforms%2C%20complex%20backends%20%28FastAPI/Python/Node%29%2C%20or%20mobile/AI%20systems%2C%20we%20build%20them%20under%20your%20brand%3A%0A%0A%E2%80%A2%20100%25%20Senior%20engineers%20%28clean%20architecture%2C%2014ms%20API%20latency%29%0A%E2%80%A2%20Fast%20turnarounds%20%28MVPs%20in%202%E2%80%934%20weeks%2C%20fixed%20sprints%20from%20%24490%29%0A%E2%80%A2%20Complete%20privacy%20%26%20white-label%20delivery%0A%0AAre%20you%20open%20to%20having%20a%20reliable%20technical%20partner%20for%20your%20upcoming%20client%20projects%3F%0A%0ABest%20regards%2C%0AImran%20%26%20Mubin%20%7C%20DEVDUO%0ATelegram%3A%20%40rolldurov%0AEmail%3A%20devduo.engineering%40gmail.com%0A,Ведущая веб-студия в Кувейте. Самый высокий курс валюты (кувейтский динар).,"Hi Kuwait Web Design (KWD) team! 👋

I'm Imran, co-founder at DEVDUO Studio (https://imron-backend-frotend.github.io/devduo-agency/en/). We are an engineering studio of two senior developers (Lead Backend Architect + Senior Frontend Engineer).

We partner with digital and creative agencies across the Gulf and globally as a dedicated white-label engineering arm. When you need custom web platforms, complex backends (FastAPI/Python/Node), or mobile/AI systems, we build them under your brand:

• 100% Senior engineers (clean architecture, 14ms API latency)
• Fast turnarounds (MVPs in 2–4 weeks, fixed sprints from $490)
• Complete privacy & white-label delivery

Are you open to having a reliable technical partner for your upcoming client projects?

Best regards,
Imran & Mubin | DEVDUO
Telegram: @rolldurov
Email: devduo.engineering@gmail.com
",Ожидает отправки
31,MAK United Tech,Кувейт (Эль-Кувейт),WhatsApp,+96522923456,https://makunited.com,https://wa.me/96522923456?text=Hi%20MAK%20United%20Tech%20team%21%20%F0%9F%91%8B%0A%0AI%27m%20Imran%2C%20co-founder%20at%20DEVDUO%20Studio%20%28https%3A//imron-backend-frotend.github.io/devduo-agency/en/%29.%20We%20are%20an%20engineering%20studio%20of%20two%20senior%20developers%20%28Lead%20Backend%20Architect%20%2B%20Senior%20Frontend%20Engineer%29.%0A%0AWe%20partner%20with%20digital%20and%20creative%20agencies%20across%20the%20Gulf%20and%20globally%20as%20a%20dedicated%20white-label%20engineering%20arm.%20When%20you%20need%20custom%20web%20platforms%2C%20complex%20backends%20%28FastAPI/Python/Node%29%2C%20or%20mobile/AI%20systems%2C%20we%20build%20them%20under%20your%20brand%3A%0A%0A%E2%80%A2%20100%25%20Senior%20engineers%20%28clean%20architecture%2C%2014ms%20API%20latency%29%0A%E2%80%A2%20Fast%20turnarounds%20%28MVPs%20in%202%E2%80%934%20weeks%2C%20fixed%20sprints%20from%20%24490%29%0A%E2%80%A2%20Complete%20privacy%20%26%20white-label%20delivery%0A%0AAre%20you%20open%20to%20having%20a%20reliable%20technical%20partner%20for%20your%20upcoming%20client%20projects%3F%0A%0ABest%20regards%2C%0AImran%20%26%20Mubin%20%7C%20DEVDUO%0ATelegram%3A%20%40rolldurov%0AEmail%3A%20devduo.engineering%40gmail.com%0A,IT-консалтинг и разработка веб-платформ под ключ в Кувейте.,"Hi MAK United Tech team! 👋

I'm Imran, co-founder at DEVDUO Studio (https://imron-backend-frotend.github.io/devduo-agency/en/). We are an engineering studio of two senior developers (Lead Backend Architect + Senior Frontend Engineer).

We partner with digital and creative agencies across the Gulf and globally as a dedicated white-label engineering arm. When you need custom web platforms, complex backends (FastAPI/Python/Node), or mobile/AI systems, we build them under your brand:

• 100% Senior engineers (clean architecture, 14ms API latency)
• Fast turnarounds (MVPs in 2–4 weeks, fixed sprints from $490)
• Complete privacy & white-label delivery

Are you open to having a reliable technical partner for your upcoming client projects?

Best regards,
Imran & Mubin | DEVDUO
Telegram: @rolldurov
Email: devduo.engineering@gmail.com
",Ожидает отправки
32,Friend Tech IT Solutions,Бахрейн (Манама),WhatsApp,+97335460525,https://friendtechitsolutions.com,https://wa.me/97335460525?text=Hi%20Friend%20Tech%20IT%20Solutions%20team%21%20%F0%9F%91%8B%0A%0AI%27m%20Imran%2C%20co-founder%20at%20DEVDUO%20Studio%20%28https%3A//imron-backend-frotend.github.io/devduo-agency/en/%29.%20We%20are%20an%20engineering%20studio%20of%20two%20senior%20developers%20%28Lead%20Backend%20Architect%20%2B%20Senior%20Frontend%20Engineer%29.%0A%0AWe%20partner%20with%20digital%20and%20creative%20agencies%20across%20the%20Gulf%20and%20globally%20as%20a%20dedicated%20white-label%20engineering%20arm.%20When%20you%20need%20custom%20web%20platforms%2C%20complex%20backends%20%28FastAPI/Python/Node%29%2C%20or%20mobile/AI%20systems%2C%20we%20build%20them%20under%20your%20brand%3A%0A%0A%E2%80%A2%20100%25%20Senior%20engineers%20%28clean%20architecture%2C%2014ms%20API%20latency%29%0A%E2%80%A2%20Fast%20turnarounds%20%28MVPs%20in%202%E2%80%934%20weeks%2C%20fixed%20sprints%20from%20%24490%29%0A%E2%80%A2%20Complete%20privacy%20%26%20white-label%20delivery%0A%0AAre%20you%20open%20to%20having%20a%20reliable%20technical%20partner%20for%20your%20upcoming%20client%20projects%3F%0A%0ABest%20regards%2C%0AImran%20%26%20Mubin%20%7C%20DEVDUO%0ATelegram%3A%20%40rolldurov%0AEmail%3A%20devduo.engineering%40gmail.com%0A,Студия в Бахрейне. Делают мобильные и адаптивные веб-проекты.,"Hi Friend Tech IT Solutions team! 👋

I'm Imran, co-founder at DEVDUO Studio (https://imron-backend-frotend.github.io/devduo-agency/en/). We are an engineering studio of two senior developers (Lead Backend Architect + Senior Frontend Engineer).

We partner with digital and creative agencies across the Gulf and globally as a dedicated white-label engineering arm. When you need custom web platforms, complex backends (FastAPI/Python/Node), or mobile/AI systems, we build them under your brand:

• 100% Senior engineers (clean architecture, 14ms API latency)
• Fast turnarounds (MVPs in 2–4 weeks, fixed sprints from $490)
• Complete privacy & white-label delivery

Are you open to having a reliable technical partner for your upcoming client projects?

Best regards,
Imran & Mubin | DEVDUO
Telegram: @rolldurov
Email: devduo.engineering@gmail.com
",Ожидает отправки
33,Info Bahrain Web Design,Бахрейн (Манама),WhatsApp,+97339246555,https://infobahrainwebdesign.com,https://wa.me/97339246555?text=Hi%20Info%20Bahrain%20Web%20Design%20team%21%20%F0%9F%91%8B%0A%0AI%27m%20Imran%2C%20co-founder%20at%20DEVDUO%20Studio%20%28https%3A//imron-backend-frotend.github.io/devduo-agency/en/%29.%20We%20are%20an%20engineering%20studio%20of%20two%20senior%20developers%20%28Lead%20Backend%20Architect%20%2B%20Senior%20Frontend%20Engineer%29.%0A%0AWe%20partner%20with%20digital%20and%20creative%20agencies%20across%20the%20Gulf%20and%20globally%20as%20a%20dedicated%20white-label%20engineering%20arm.%20When%20you%20need%20custom%20web%20platforms%2C%20complex%20backends%20%28FastAPI/Python/Node%29%2C%20or%20mobile/AI%20systems%2C%20we%20build%20them%20under%20your%20brand%3A%0A%0A%E2%80%A2%20100%25%20Senior%20engineers%20%28clean%20architecture%2C%2014ms%20API%20latency%29%0A%E2%80%A2%20Fast%20turnarounds%20%28MVPs%20in%202%E2%80%934%20weeks%2C%20fixed%20sprints%20from%20%24490%29%0A%E2%80%A2%20Complete%20privacy%20%26%20white-label%20delivery%0A%0AAre%20you%20open%20to%20having%20a%20reliable%20technical%20partner%20for%20your%20upcoming%20client%20projects%3F%0A%0ABest%20regards%2C%0AImran%20%26%20Mubin%20%7C%20DEVDUO%0ATelegram%3A%20%40rolldurov%0AEmail%3A%20devduo.engineering%40gmail.com%0A,Разработка веб-сервисов и e-commerce систем в Бахрейне.,"Hi Info Bahrain Web Design team! 👋

I'm Imran, co-founder at DEVDUO Studio (https://imron-backend-frotend.github.io/devduo-agency/en/). We are an engineering studio of two senior developers (Lead Backend Architect + Senior Frontend Engineer).

We partner with digital and creative agencies across the Gulf and globally as a dedicated white-label engineering arm. When you need custom web platforms, complex backends (FastAPI/Python/Node), or mobile/AI systems, we build them under your brand:

• 100% Senior engineers (clean architecture, 14ms API latency)
• Fast turnarounds (MVPs in 2–4 weeks, fixed sprints from $490)
• Complete privacy & white-label delivery

Are you open to having a reliable technical partner for your upcoming client projects?

Best regards,
Imran & Mubin | DEVDUO
Telegram: @rolldurov
Email: devduo.engineering@gmail.com
",Ожидает отправки
34,Breakthrough Digital,Бахрейн (Манама),WhatsApp,+97317712313,https://itsabreakthrough.com,https://wa.me/97317712313?text=Hi%20Breakthrough%20Digital%20team%21%20%F0%9F%91%8B%0A%0AI%27m%20Imran%2C%20co-founder%20at%20DEVDUO%20Studio%20%28https%3A//imron-backend-frotend.github.io/devduo-agency/en/%29.%20We%20are%20an%20engineering%20studio%20of%20two%20senior%20developers%20%28Lead%20Backend%20Architect%20%2B%20Senior%20Frontend%20Engineer%29.%0A%0AWe%20partner%20with%20digital%20and%20creative%20agencies%20across%20the%20Gulf%20and%20globally%20as%20a%20dedicated%20white-label%20engineering%20arm.%20When%20you%20need%20custom%20web%20platforms%2C%20complex%20backends%20%28FastAPI/Python/Node%29%2C%20or%20mobile/AI%20systems%2C%20we%20build%20them%20under%20your%20brand%3A%0A%0A%E2%80%A2%20100%25%20Senior%20engineers%20%28clean%20architecture%2C%2014ms%20API%20latency%29%0A%E2%80%A2%20Fast%20turnarounds%20%28MVPs%20in%202%E2%80%934%20weeks%2C%20fixed%20sprints%20from%20%24490%29%0A%E2%80%A2%20Complete%20privacy%20%26%20white-label%20delivery%0A%0AAre%20you%20open%20to%20having%20a%20reliable%20technical%20partner%20for%20your%20upcoming%20client%20projects%3F%0A%0ABest%20regards%2C%0AImran%20%26%20Mubin%20%7C%20DEVDUO%0ATelegram%3A%20%40rolldurov%0AEmail%3A%20devduo.engineering%40gmail.com%0A,"Диджитал-агентство в Манаме, активно расширяют технический стек.","Hi Breakthrough Digital team! 👋

I'm Imran, co-founder at DEVDUO Studio (https://imron-backend-frotend.github.io/devduo-agency/en/). We are an engineering studio of two senior developers (Lead Backend Architect + Senior Frontend Engineer).

We partner with digital and creative agencies across the Gulf and globally as a dedicated white-label engineering arm. When you need custom web platforms, complex backends (FastAPI/Python/Node), or mobile/AI systems, we build them under your brand:

• 100% Senior engineers (clean architecture, 14ms API latency)
• Fast turnarounds (MVPs in 2–4 weeks, fixed sprints from $490)
• Complete privacy & white-label delivery

Are you open to having a reliable technical partner for your upcoming client projects?

Best regards,
Imran & Mubin | DEVDUO
Telegram: @rolldurov
Email: devduo.engineering@gmail.com
",Ожидает отправки
35,Klashtech Digital Agency,США (Майами & Остин),Email,info@klashtech.com,https://klashtech.com,mailto:info@klashtech.com?subject=Dev%20partnership%20/%20White-label%20engineering%20for%20Klashtech%20Digital%20Agency&body=Hi%20Klashtech%20Digital%20Agency%20team%2C%0A%0AI%E2%80%99ve%20been%20following%20your%20work%20and%20really%20admire%20the%20digital%20experiences%20and%20products%20you%20deliver.%0A%0AI%E2%80%99m%20Imran%2C%20co-founder%20at%20DEVDUO%20%28https%3A//imron-backend-frotend.github.io/devduo-agency/en/%29.%20We%20are%20an%20engineering%20studio%20of%20two%20senior%20developers%20%28Lead%20Backend%20Architect%20%2B%20Senior%20Product%20Engineer%29.%0A%0AWe%20partner%20with%20creative%20and%20digital%20agencies%20in%20the%20US%2C%20UK%2C%20and%20Europe%20as%20a%20dedicated%20white-label%20engineering%20arm.%20Whenever%20you%20need%20custom%20web%20platforms%2C%20complex%20backends%20%28FastAPI/Python/Node%29%2C%20or%20mobile/AI%20integrations%2C%20we%20build%20the%20technical%20side%20under%20your%20brand%3A%0A%0A%E2%80%A2%20100%25%20Senior%20Engineers%20%28zero%20junior%20handoffs%20or%20PM%20bloat%29%0A%E2%80%A2%20High%20velocity%20%28MVPs%20shipped%20in%202%E2%80%934%20weeks%2C%20fixed%20sprints%20from%20%24490%29%0A%E2%80%A2%20Production-grade%20stack%3A%20React%2019%2C%20Next.js%2C%20Python%2C%20PostgreSQL%2C%20Docker%2C%20AI/LLMs%0A%0AWould%20you%20be%20open%20to%20a%20quick%2010-minute%20chat%20or%20async%20message%20exchange%20to%20see%20if%20we%20could%20support%20your%20upcoming%20project%20pipeline%3F%0A%0ABest%20regards%2C%0A%0AImran%20%26%20Mubin%0AFounders%20%26%20Senior%20Engineers%20%7C%20DEVDUO%20Studio%0APortfolio%3A%20https%3A//imron-backend-frotend.github.io/devduo-agency/en/%0ATelegram%3A%20https%3A//t.me/rolldurov%0AEmail%3A%20devduo.engineering%40gmail.com%0A,Студия полного цикла во Флориде и Техасе. Нуждаются в надежном dev-партнере.,"Hi Klashtech Digital Agency team,

I’ve been following your work and really admire the digital experiences and products you deliver.

I’m Imran, co-founder at DEVDUO (https://imron-backend-frotend.github.io/devduo-agency/en/). We are an engineering studio of two senior developers (Lead Backend Architect + Senior Product Engineer).

We partner with creative and digital agencies in the US, UK, and Europe as a dedicated white-label engineering arm. Whenever you need custom web platforms, complex backends (FastAPI/Python/Node), or mobile/AI integrations, we build the technical side under your brand:

• 100% Senior Engineers (zero junior handoffs or PM bloat)
• High velocity (MVPs shipped in 2–4 weeks, fixed sprints from $490)
• Production-grade stack: React 19, Next.js, Python, PostgreSQL, Docker, AI/LLMs

Would you be open to a quick 10-minute chat or async message exchange to see if we could support your upcoming project pipeline?

Best regards,

Imran & Mubin
Founders & Senior Engineers | DEVDUO Studio
Portfolio: https://imron-backend-frotend.github.io/devduo-agency/en/
Telegram: https://t.me/rolldurov
Email: devduo.engineering@gmail.com
",Ожидает отправки
36,HMG Creative,"США (Остин, Техас)",Email,hello@hmgcreative.com,https://hmgcreative.com,mailto:hello@hmgcreative.com?subject=Dev%20partnership%20/%20White-label%20engineering%20for%20HMG%20Creative&body=Hi%20HMG%20Creative%20team%2C%0A%0AI%E2%80%99ve%20been%20following%20your%20work%20and%20really%20admire%20the%20digital%20experiences%20and%20products%20you%20deliver.%0A%0AI%E2%80%99m%20Imran%2C%20co-founder%20at%20DEVDUO%20%28https%3A//imron-backend-frotend.github.io/devduo-agency/en/%29.%20We%20are%20an%20engineering%20studio%20of%20two%20senior%20developers%20%28Lead%20Backend%20Architect%20%2B%20Senior%20Product%20Engineer%29.%0A%0AWe%20partner%20with%20creative%20and%20digital%20agencies%20in%20the%20US%2C%20UK%2C%20and%20Europe%20as%20a%20dedicated%20white-label%20engineering%20arm.%20Whenever%20you%20need%20custom%20web%20platforms%2C%20complex%20backends%20%28FastAPI/Python/Node%29%2C%20or%20mobile/AI%20integrations%2C%20we%20build%20the%20technical%20side%20under%20your%20brand%3A%0A%0A%E2%80%A2%20100%25%20Senior%20Engineers%20%28zero%20junior%20handoffs%20or%20PM%20bloat%29%0A%E2%80%A2%20High%20velocity%20%28MVPs%20shipped%20in%202%E2%80%934%20weeks%2C%20fixed%20sprints%20from%20%24490%29%0A%E2%80%A2%20Production-grade%20stack%3A%20React%2019%2C%20Next.js%2C%20Python%2C%20PostgreSQL%2C%20Docker%2C%20AI/LLMs%0A%0AWould%20you%20be%20open%20to%20a%20quick%2010-minute%20chat%20or%20async%20message%20exchange%20to%20see%20if%20we%20could%20support%20your%20upcoming%20project%20pipeline%3F%0A%0ABest%20regards%2C%0A%0AImran%20%26%20Mubin%0AFounders%20%26%20Senior%20Engineers%20%7C%20DEVDUO%20Studio%0APortfolio%3A%20https%3A//imron-backend-frotend.github.io/devduo-agency/en/%0ATelegram%3A%20https%3A//t.me/rolldurov%0AEmail%3A%20devduo.engineering%40gmail.com%0A,"Креативное агентство в Остине (Техас). Премиум UI/UX, разработку отдают на аутсорс.","Hi HMG Creative team,

I’ve been following your work and really admire the digital experiences and products you deliver.

I’m Imran, co-founder at DEVDUO (https://imron-backend-frotend.github.io/devduo-agency/en/). We are an engineering studio of two senior developers (Lead Backend Architect + Senior Product Engineer).

We partner with creative and digital agencies in the US, UK, and Europe as a dedicated white-label engineering arm. Whenever you need custom web platforms, complex backends (FastAPI/Python/Node), or mobile/AI integrations, we build the technical side under your brand:

• 100% Senior Engineers (zero junior handoffs or PM bloat)
• High velocity (MVPs shipped in 2–4 weeks, fixed sprints from $490)
• Production-grade stack: React 19, Next.js, Python, PostgreSQL, Docker, AI/LLMs

Would you be open to a quick 10-minute chat or async message exchange to see if we could support your upcoming project pipeline?

Best regards,

Imran & Mubin
Founders & Senior Engineers | DEVDUO Studio
Portfolio: https://imron-backend-frotend.github.io/devduo-agency/en/
Telegram: https://t.me/rolldurov
Email: devduo.engineering@gmail.com
",Ожидает отправки
37,Devox Software,"США (Остин, Техас)",Email,contact@devoxsoftware.com,https://devoxsoftware.com,mailto:contact@devoxsoftware.com?subject=Dev%20partnership%20/%20White-label%20engineering%20for%20Devox%20Software&body=Hi%20Devox%20Software%20team%2C%0A%0AI%E2%80%99ve%20been%20following%20your%20work%20and%20really%20admire%20the%20digital%20experiences%20and%20products%20you%20deliver.%0A%0AI%E2%80%99m%20Imran%2C%20co-founder%20at%20DEVDUO%20%28https%3A//imron-backend-frotend.github.io/devduo-agency/en/%29.%20We%20are%20an%20engineering%20studio%20of%20two%20senior%20developers%20%28Lead%20Backend%20Architect%20%2B%20Senior%20Product%20Engineer%29.%0A%0AWe%20partner%20with%20creative%20and%20digital%20agencies%20in%20the%20US%2C%20UK%2C%20and%20Europe%20as%20a%20dedicated%20white-label%20engineering%20arm.%20Whenever%20you%20need%20custom%20web%20platforms%2C%20complex%20backends%20%28FastAPI/Python/Node%29%2C%20or%20mobile/AI%20integrations%2C%20we%20build%20the%20technical%20side%20under%20your%20brand%3A%0A%0A%E2%80%A2%20100%25%20Senior%20Engineers%20%28zero%20junior%20handoffs%20or%20PM%20bloat%29%0A%E2%80%A2%20High%20velocity%20%28MVPs%20shipped%20in%202%E2%80%934%20weeks%2C%20fixed%20sprints%20from%20%24490%29%0A%E2%80%A2%20Production-grade%20stack%3A%20React%2019%2C%20Next.js%2C%20Python%2C%20PostgreSQL%2C%20Docker%2C%20AI/LLMs%0A%0AWould%20you%20be%20open%20to%20a%20quick%2010-minute%20chat%20or%20async%20message%20exchange%20to%20see%20if%20we%20could%20support%20your%20upcoming%20project%20pipeline%3F%0A%0ABest%20regards%2C%0A%0AImran%20%26%20Mubin%0AFounders%20%26%20Senior%20Engineers%20%7C%20DEVDUO%20Studio%0APortfolio%3A%20https%3A//imron-backend-frotend.github.io/devduo-agency/en/%0ATelegram%3A%20https%3A//t.me/rolldurov%0AEmail%3A%20devduo.engineering%40gmail.com%0A,Продуктовая разработка в Техасе для стартапов и SaaS. Ищут удаленных senior разработчиков.,"Hi Devox Software team,

I’ve been following your work and really admire the digital experiences and products you deliver.

I’m Imran, co-founder at DEVDUO (https://imron-backend-frotend.github.io/devduo-agency/en/). We are an engineering studio of two senior developers (Lead Backend Architect + Senior Product Engineer).

We partner with creative and digital agencies in the US, UK, and Europe as a dedicated white-label engineering arm. Whenever you need custom web platforms, complex backends (FastAPI/Python/Node), or mobile/AI integrations, we build the technical side under your brand:

• 100% Senior Engineers (zero junior handoffs or PM bloat)
• High velocity (MVPs shipped in 2–4 weeks, fixed sprints from $490)
• Production-grade stack: React 19, Next.js, Python, PostgreSQL, Docker, AI/LLMs

Would you be open to a quick 10-minute chat or async message exchange to see if we could support your upcoming project pipeline?

Best regards,

Imran & Mubin
Founders & Senior Engineers | DEVDUO Studio
Portfolio: https://imron-backend-frotend.github.io/devduo-agency/en/
Telegram: https://t.me/rolldurov
Email: devduo.engineering@gmail.com
",Ожидает отправки
38,Lovely Grit,США (Нью-Йорк),Email,hello@lovelygrit.com,https://lovelygrit.com,mailto:hello@lovelygrit.com?subject=Dev%20partnership%20/%20White-label%20engineering%20for%20Lovely%20Grit&body=Hi%20Lovely%20Grit%20team%2C%0A%0AI%E2%80%99ve%20been%20following%20your%20work%20and%20really%20admire%20the%20digital%20experiences%20and%20products%20you%20deliver.%0A%0AI%E2%80%99m%20Imran%2C%20co-founder%20at%20DEVDUO%20%28https%3A//imron-backend-frotend.github.io/devduo-agency/en/%29.%20We%20are%20an%20engineering%20studio%20of%20two%20senior%20developers%20%28Lead%20Backend%20Architect%20%2B%20Senior%20Product%20Engineer%29.%0A%0AWe%20partner%20with%20creative%20and%20digital%20agencies%20in%20the%20US%2C%20UK%2C%20and%20Europe%20as%20a%20dedicated%20white-label%20engineering%20arm.%20Whenever%20you%20need%20custom%20web%20platforms%2C%20complex%20backends%20%28FastAPI/Python/Node%29%2C%20or%20mobile/AI%20integrations%2C%20we%20build%20the%20technical%20side%20under%20your%20brand%3A%0A%0A%E2%80%A2%20100%25%20Senior%20Engineers%20%28zero%20junior%20handoffs%20or%20PM%20bloat%29%0A%E2%80%A2%20High%20velocity%20%28MVPs%20shipped%20in%202%E2%80%934%20weeks%2C%20fixed%20sprints%20from%20%24490%29%0A%E2%80%A2%20Production-grade%20stack%3A%20React%2019%2C%20Next.js%2C%20Python%2C%20PostgreSQL%2C%20Docker%2C%20AI/LLMs%0A%0AWould%20you%20be%20open%20to%20a%20quick%2010-minute%20chat%20or%20async%20message%20exchange%20to%20see%20if%20we%20could%20support%20your%20upcoming%20project%20pipeline%3F%0A%0ABest%20regards%2C%0A%0AImran%20%26%20Mubin%0AFounders%20%26%20Senior%20Engineers%20%7C%20DEVDUO%20Studio%0APortfolio%3A%20https%3A//imron-backend-frotend.github.io/devduo-agency/en/%0ATelegram%3A%20https%3A//t.me/rolldurov%0AEmail%3A%20devduo.engineering%40gmail.com%0A,Нью-йоркский дизайн-бутик. White-label партнерство по бэкенду и React.,"Hi Lovely Grit team,

I’ve been following your work and really admire the digital experiences and products you deliver.

I’m Imran, co-founder at DEVDUO (https://imron-backend-frotend.github.io/devduo-agency/en/). We are an engineering studio of two senior developers (Lead Backend Architect + Senior Product Engineer).

We partner with creative and digital agencies in the US, UK, and Europe as a dedicated white-label engineering arm. Whenever you need custom web platforms, complex backends (FastAPI/Python/Node), or mobile/AI integrations, we build the technical side under your brand:

• 100% Senior Engineers (zero junior handoffs or PM bloat)
• High velocity (MVPs shipped in 2–4 weeks, fixed sprints from $490)
• Production-grade stack: React 19, Next.js, Python, PostgreSQL, Docker, AI/LLMs

Would you be open to a quick 10-minute chat or async message exchange to see if we could support your upcoming project pipeline?

Best regards,

Imran & Mubin
Founders & Senior Engineers | DEVDUO Studio
Portfolio: https://imron-backend-frotend.github.io/devduo-agency/en/
Telegram: https://t.me/rolldurov
Email: devduo.engineering@gmail.com
",Ожидает отправки
39,WDC Agency,США (Нью-Йорк),Email,info@WDCagency.com,https://wdcagency.com,mailto:info@WDCagency.com?subject=Dev%20partnership%20/%20White-label%20engineering%20for%20WDC%20Agency&body=Hi%20WDC%20Agency%20team%2C%0A%0AI%E2%80%99ve%20been%20following%20your%20work%20and%20really%20admire%20the%20digital%20experiences%20and%20products%20you%20deliver.%0A%0AI%E2%80%99m%20Imran%2C%20co-founder%20at%20DEVDUO%20%28https%3A//imron-backend-frotend.github.io/devduo-agency/en/%29.%20We%20are%20an%20engineering%20studio%20of%20two%20senior%20developers%20%28Lead%20Backend%20Architect%20%2B%20Senior%20Product%20Engineer%29.%0A%0AWe%20partner%20with%20creative%20and%20digital%20agencies%20in%20the%20US%2C%20UK%2C%20and%20Europe%20as%20a%20dedicated%20white-label%20engineering%20arm.%20Whenever%20you%20need%20custom%20web%20platforms%2C%20complex%20backends%20%28FastAPI/Python/Node%29%2C%20or%20mobile/AI%20integrations%2C%20we%20build%20the%20technical%20side%20under%20your%20brand%3A%0A%0A%E2%80%A2%20100%25%20Senior%20Engineers%20%28zero%20junior%20handoffs%20or%20PM%20bloat%29%0A%E2%80%A2%20High%20velocity%20%28MVPs%20shipped%20in%202%E2%80%934%20weeks%2C%20fixed%20sprints%20from%20%24490%29%0A%E2%80%A2%20Production-grade%20stack%3A%20React%2019%2C%20Next.js%2C%20Python%2C%20PostgreSQL%2C%20Docker%2C%20AI/LLMs%0A%0AWould%20you%20be%20open%20to%20a%20quick%2010-minute%20chat%20or%20async%20message%20exchange%20to%20see%20if%20we%20could%20support%20your%20upcoming%20project%20pipeline%3F%0A%0ABest%20regards%2C%0A%0AImran%20%26%20Mubin%0AFounders%20%26%20Senior%20Engineers%20%7C%20DEVDUO%20Studio%0APortfolio%3A%20https%3A//imron-backend-frotend.github.io/devduo-agency/en/%0ATelegram%3A%20https%3A//t.me/rolldurov%0AEmail%3A%20devduo.engineering%40gmail.com%0A,Брендинг и веб-разработка в США. Ищут надежных разработчиков под ключ.,"Hi WDC Agency team,

I’ve been following your work and really admire the digital experiences and products you deliver.

I’m Imran, co-founder at DEVDUO (https://imron-backend-frotend.github.io/devduo-agency/en/). We are an engineering studio of two senior developers (Lead Backend Architect + Senior Product Engineer).

We partner with creative and digital agencies in the US, UK, and Europe as a dedicated white-label engineering arm. Whenever you need custom web platforms, complex backends (FastAPI/Python/Node), or mobile/AI integrations, we build the technical side under your brand:

• 100% Senior Engineers (zero junior handoffs or PM bloat)
• High velocity (MVPs shipped in 2–4 weeks, fixed sprints from $490)
• Production-grade stack: React 19, Next.js, Python, PostgreSQL, Docker, AI/LLMs

Would you be open to a quick 10-minute chat or async message exchange to see if we could support your upcoming project pipeline?

Best regards,

Imran & Mubin
Founders & Senior Engineers | DEVDUO Studio
Portfolio: https://imron-backend-frotend.github.io/devduo-agency/en/
Telegram: https://t.me/rolldurov
Email: devduo.engineering@gmail.com
",Ожидает отправки
40,DD.NYC,"США (Манхэттен, Нью-Йорк)",Email,hello@dd.nyc,https://dd.nyc,mailto:hello@dd.nyc?subject=Dev%20partnership%20/%20White-label%20engineering%20for%20DD.NYC&body=Hi%20DD.NYC%20team%2C%0A%0AI%E2%80%99ve%20been%20following%20your%20work%20and%20really%20admire%20the%20digital%20experiences%20and%20products%20you%20deliver.%0A%0AI%E2%80%99m%20Imran%2C%20co-founder%20at%20DEVDUO%20%28https%3A//imron-backend-frotend.github.io/devduo-agency/en/%29.%20We%20are%20an%20engineering%20studio%20of%20two%20senior%20developers%20%28Lead%20Backend%20Architect%20%2B%20Senior%20Product%20Engineer%29.%0A%0AWe%20partner%20with%20creative%20and%20digital%20agencies%20in%20the%20US%2C%20UK%2C%20and%20Europe%20as%20a%20dedicated%20white-label%20engineering%20arm.%20Whenever%20you%20need%20custom%20web%20platforms%2C%20complex%20backends%20%28FastAPI/Python/Node%29%2C%20or%20mobile/AI%20integrations%2C%20we%20build%20the%20technical%20side%20under%20your%20brand%3A%0A%0A%E2%80%A2%20100%25%20Senior%20Engineers%20%28zero%20junior%20handoffs%20or%20PM%20bloat%29%0A%E2%80%A2%20High%20velocity%20%28MVPs%20shipped%20in%202%E2%80%934%20weeks%2C%20fixed%20sprints%20from%20%24490%29%0A%E2%80%A2%20Production-grade%20stack%3A%20React%2019%2C%20Next.js%2C%20Python%2C%20PostgreSQL%2C%20Docker%2C%20AI/LLMs%0A%0AWould%20you%20be%20open%20to%20a%20quick%2010-minute%20chat%20or%20async%20message%20exchange%20to%20see%20if%20we%20could%20support%20your%20upcoming%20project%20pipeline%3F%0A%0ABest%20regards%2C%0A%0AImran%20%26%20Mubin%0AFounders%20%26%20Senior%20Engineers%20%7C%20DEVDUO%20Studio%0APortfolio%3A%20https%3A//imron-backend-frotend.github.io/devduo-agency/en/%0ATelegram%3A%20https%3A//t.me/rolldurov%0AEmail%3A%20devduo.engineering%40gmail.com%0A,Премиальная студия на Манхэттене. Имеют много заказов на сложные порталы и SaaS.,"Hi DD.NYC team,

I’ve been following your work and really admire the digital experiences and products you deliver.

I’m Imran, co-founder at DEVDUO (https://imron-backend-frotend.github.io/devduo-agency/en/). We are an engineering studio of two senior developers (Lead Backend Architect + Senior Product Engineer).

We partner with creative and digital agencies in the US, UK, and Europe as a dedicated white-label engineering arm. Whenever you need custom web platforms, complex backends (FastAPI/Python/Node), or mobile/AI integrations, we build the technical side under your brand:

• 100% Senior Engineers (zero junior handoffs or PM bloat)
• High velocity (MVPs shipped in 2–4 weeks, fixed sprints from $490)
• Production-grade stack: React 19, Next.js, Python, PostgreSQL, Docker, AI/LLMs

Would you be open to a quick 10-minute chat or async message exchange to see if we could support your upcoming project pipeline?

Best regards,

Imran & Mubin
Founders & Senior Engineers | DEVDUO Studio
Portfolio: https://imron-backend-frotend.github.io/devduo-agency/en/
Telegram: https://t.me/rolldurov
Email: devduo.engineering@gmail.com
",Ожидает отправки
41,Bowen Media,США (Нью-Йорк),Email,hello@bowenmedia.com,https://bowenmedia.com,mailto:hello@bowenmedia.com?subject=Dev%20partnership%20/%20White-label%20engineering%20for%20Bowen%20Media&body=Hi%20Bowen%20Media%20team%2C%0A%0AI%E2%80%99ve%20been%20following%20your%20work%20and%20really%20admire%20the%20digital%20experiences%20and%20products%20you%20deliver.%0A%0AI%E2%80%99m%20Imran%2C%20co-founder%20at%20DEVDUO%20%28https%3A//imron-backend-frotend.github.io/devduo-agency/en/%29.%20We%20are%20an%20engineering%20studio%20of%20two%20senior%20developers%20%28Lead%20Backend%20Architect%20%2B%20Senior%20Product%20Engineer%29.%0A%0AWe%20partner%20with%20creative%20and%20digital%20agencies%20in%20the%20US%2C%20UK%2C%20and%20Europe%20as%20a%20dedicated%20white-label%20engineering%20arm.%20Whenever%20you%20need%20custom%20web%20platforms%2C%20complex%20backends%20%28FastAPI/Python/Node%29%2C%20or%20mobile/AI%20integrations%2C%20we%20build%20the%20technical%20side%20under%20your%20brand%3A%0A%0A%E2%80%A2%20100%25%20Senior%20Engineers%20%28zero%20junior%20handoffs%20or%20PM%20bloat%29%0A%E2%80%A2%20High%20velocity%20%28MVPs%20shipped%20in%202%E2%80%934%20weeks%2C%20fixed%20sprints%20from%20%24490%29%0A%E2%80%A2%20Production-grade%20stack%3A%20React%2019%2C%20Next.js%2C%20Python%2C%20PostgreSQL%2C%20Docker%2C%20AI/LLMs%0A%0AWould%20you%20be%20open%20to%20a%20quick%2010-minute%20chat%20or%20async%20message%20exchange%20to%20see%20if%20we%20could%20support%20your%20upcoming%20project%20pipeline%3F%0A%0ABest%20regards%2C%0A%0AImran%20%26%20Mubin%0AFounders%20%26%20Senior%20Engineers%20%7C%20DEVDUO%20Studio%0APortfolio%3A%20https%3A//imron-backend-frotend.github.io/devduo-agency/en/%0ATelegram%3A%20https%3A//t.me/rolldurov%0AEmail%3A%20devduo.engineering%40gmail.com%0A,Регулярно привлекают внешние инженерные команды на спринты.,"Hi Bowen Media team,

I’ve been following your work and really admire the digital experiences and products you deliver.

I’m Imran, co-founder at DEVDUO (https://imron-backend-frotend.github.io/devduo-agency/en/). We are an engineering studio of two senior developers (Lead Backend Architect + Senior Product Engineer).

We partner with creative and digital agencies in the US, UK, and Europe as a dedicated white-label engineering arm. Whenever you need custom web platforms, complex backends (FastAPI/Python/Node), or mobile/AI integrations, we build the technical side under your brand:

• 100% Senior Engineers (zero junior handoffs or PM bloat)
• High velocity (MVPs shipped in 2–4 weeks, fixed sprints from $490)
• Production-grade stack: React 19, Next.js, Python, PostgreSQL, Docker, AI/LLMs

Would you be open to a quick 10-minute chat or async message exchange to see if we could support your upcoming project pipeline?

Best regards,

Imran & Mubin
Founders & Senior Engineers | DEVDUO Studio
Portfolio: https://imron-backend-frotend.github.io/devduo-agency/en/
Telegram: https://t.me/rolldurov
Email: devduo.engineering@gmail.com
",Ожидает отправки
42,Netlynx Inc,"США (Майами, Флорида)",Email,info@netlynxinc.com,https://netlynxinc.com,mailto:info@netlynxinc.com?subject=Dev%20partnership%20/%20White-label%20engineering%20for%20Netlynx%20Inc&body=Hi%20Netlynx%20Inc%20team%2C%0A%0AI%E2%80%99ve%20been%20following%20your%20work%20and%20really%20admire%20the%20digital%20experiences%20and%20products%20you%20deliver.%0A%0AI%E2%80%99m%20Imran%2C%20co-founder%20at%20DEVDUO%20%28https%3A//imron-backend-frotend.github.io/devduo-agency/en/%29.%20We%20are%20an%20engineering%20studio%20of%20two%20senior%20developers%20%28Lead%20Backend%20Architect%20%2B%20Senior%20Product%20Engineer%29.%0A%0AWe%20partner%20with%20creative%20and%20digital%20agencies%20in%20the%20US%2C%20UK%2C%20and%20Europe%20as%20a%20dedicated%20white-label%20engineering%20arm.%20Whenever%20you%20need%20custom%20web%20platforms%2C%20complex%20backends%20%28FastAPI/Python/Node%29%2C%20or%20mobile/AI%20integrations%2C%20we%20build%20the%20technical%20side%20under%20your%20brand%3A%0A%0A%E2%80%A2%20100%25%20Senior%20Engineers%20%28zero%20junior%20handoffs%20or%20PM%20bloat%29%0A%E2%80%A2%20High%20velocity%20%28MVPs%20shipped%20in%202%E2%80%934%20weeks%2C%20fixed%20sprints%20from%20%24490%29%0A%E2%80%A2%20Production-grade%20stack%3A%20React%2019%2C%20Next.js%2C%20Python%2C%20PostgreSQL%2C%20Docker%2C%20AI/LLMs%0A%0AWould%20you%20be%20open%20to%20a%20quick%2010-minute%20chat%20or%20async%20message%20exchange%20to%20see%20if%20we%20could%20support%20your%20upcoming%20project%20pipeline%3F%0A%0ABest%20regards%2C%0A%0AImran%20%26%20Mubin%0AFounders%20%26%20Senior%20Engineers%20%7C%20DEVDUO%20Studio%0APortfolio%3A%20https%3A//imron-backend-frotend.github.io/devduo-agency/en/%0ATelegram%3A%20https%3A//t.me/rolldurov%0AEmail%3A%20devduo.engineering%40gmail.com%0A,Американская компания по веб-разработке. Постоянно расширяют пул подрядчиков.,"Hi Netlynx Inc team,

I’ve been following your work and really admire the digital experiences and products you deliver.

I’m Imran, co-founder at DEVDUO (https://imron-backend-frotend.github.io/devduo-agency/en/). We are an engineering studio of two senior developers (Lead Backend Architect + Senior Product Engineer).

We partner with creative and digital agencies in the US, UK, and Europe as a dedicated white-label engineering arm. Whenever you need custom web platforms, complex backends (FastAPI/Python/Node), or mobile/AI integrations, we build the technical side under your brand:

• 100% Senior Engineers (zero junior handoffs or PM bloat)
• High velocity (MVPs shipped in 2–4 weeks, fixed sprints from $490)
• Production-grade stack: React 19, Next.js, Python, PostgreSQL, Docker, AI/LLMs

Would you be open to a quick 10-minute chat or async message exchange to see if we could support your upcoming project pipeline?

Best regards,

Imran & Mubin
Founders & Senior Engineers | DEVDUO Studio
Portfolio: https://imron-backend-frotend.github.io/devduo-agency/en/
Telegram: https://t.me/rolldurov
Email: devduo.engineering@gmail.com
",Ожидает отправки
43,FUZE Agency,"США (Майами, Флорида)",Email,info@fuze360.com,https://fuze360.com,mailto:info@fuze360.com?subject=Dev%20partnership%20/%20White-label%20engineering%20for%20FUZE%20Agency&body=Hi%20FUZE%20Agency%20team%2C%0A%0AI%E2%80%99ve%20been%20following%20your%20work%20and%20really%20admire%20the%20digital%20experiences%20and%20products%20you%20deliver.%0A%0AI%E2%80%99m%20Imran%2C%20co-founder%20at%20DEVDUO%20%28https%3A//imron-backend-frotend.github.io/devduo-agency/en/%29.%20We%20are%20an%20engineering%20studio%20of%20two%20senior%20developers%20%28Lead%20Backend%20Architect%20%2B%20Senior%20Product%20Engineer%29.%0A%0AWe%20partner%20with%20creative%20and%20digital%20agencies%20in%20the%20US%2C%20UK%2C%20and%20Europe%20as%20a%20dedicated%20white-label%20engineering%20arm.%20Whenever%20you%20need%20custom%20web%20platforms%2C%20complex%20backends%20%28FastAPI/Python/Node%29%2C%20or%20mobile/AI%20integrations%2C%20we%20build%20the%20technical%20side%20under%20your%20brand%3A%0A%0A%E2%80%A2%20100%25%20Senior%20Engineers%20%28zero%20junior%20handoffs%20or%20PM%20bloat%29%0A%E2%80%A2%20High%20velocity%20%28MVPs%20shipped%20in%202%E2%80%934%20weeks%2C%20fixed%20sprints%20from%20%24490%29%0A%E2%80%A2%20Production-grade%20stack%3A%20React%2019%2C%20Next.js%2C%20Python%2C%20PostgreSQL%2C%20Docker%2C%20AI/LLMs%0A%0AWould%20you%20be%20open%20to%20a%20quick%2010-minute%20chat%20or%20async%20message%20exchange%20to%20see%20if%20we%20could%20support%20your%20upcoming%20project%20pipeline%3F%0A%0ABest%20regards%2C%0A%0AImran%20%26%20Mubin%0AFounders%20%26%20Senior%20Engineers%20%7C%20DEVDUO%20Studio%0APortfolio%3A%20https%3A//imron-backend-frotend.github.io/devduo-agency/en/%0ATelegram%3A%20https%3A//t.me/rolldurov%0AEmail%3A%20devduo.engineering%40gmail.com%0A,Диджитал-агентство в финансовом центре Майами (Brickell Ave Tower).,"Hi FUZE Agency team,

I’ve been following your work and really admire the digital experiences and products you deliver.

I’m Imran, co-founder at DEVDUO (https://imron-backend-frotend.github.io/devduo-agency/en/). We are an engineering studio of two senior developers (Lead Backend Architect + Senior Product Engineer).

We partner with creative and digital agencies in the US, UK, and Europe as a dedicated white-label engineering arm. Whenever you need custom web platforms, complex backends (FastAPI/Python/Node), or mobile/AI integrations, we build the technical side under your brand:

• 100% Senior Engineers (zero junior handoffs or PM bloat)
• High velocity (MVPs shipped in 2–4 weeks, fixed sprints from $490)
• Production-grade stack: React 19, Next.js, Python, PostgreSQL, Docker, AI/LLMs

Would you be open to a quick 10-minute chat or async message exchange to see if we could support your upcoming project pipeline?

Best regards,

Imran & Mubin
Founders & Senior Engineers | DEVDUO Studio
Portfolio: https://imron-backend-frotend.github.io/devduo-agency/en/
Telegram: https://t.me/rolldurov
Email: devduo.engineering@gmail.com
",Ожидает отправки
44,Gallagher Website Design,"США (Майами, Флорида)",Email,info@gallagherwebsitedesign.com,https://gallagherwebsitedesign.com,mailto:info@gallagherwebsitedesign.com?subject=Dev%20partnership%20/%20White-label%20engineering%20for%20Gallagher%20Website%20Design&body=Hi%20Gallagher%20Website%20Design%20team%2C%0A%0AI%E2%80%99ve%20been%20following%20your%20work%20and%20really%20admire%20the%20digital%20experiences%20and%20products%20you%20deliver.%0A%0AI%E2%80%99m%20Imran%2C%20co-founder%20at%20DEVDUO%20%28https%3A//imron-backend-frotend.github.io/devduo-agency/en/%29.%20We%20are%20an%20engineering%20studio%20of%20two%20senior%20developers%20%28Lead%20Backend%20Architect%20%2B%20Senior%20Product%20Engineer%29.%0A%0AWe%20partner%20with%20creative%20and%20digital%20agencies%20in%20the%20US%2C%20UK%2C%20and%20Europe%20as%20a%20dedicated%20white-label%20engineering%20arm.%20Whenever%20you%20need%20custom%20web%20platforms%2C%20complex%20backends%20%28FastAPI/Python/Node%29%2C%20or%20mobile/AI%20integrations%2C%20we%20build%20the%20technical%20side%20under%20your%20brand%3A%0A%0A%E2%80%A2%20100%25%20Senior%20Engineers%20%28zero%20junior%20handoffs%20or%20PM%20bloat%29%0A%E2%80%A2%20High%20velocity%20%28MVPs%20shipped%20in%202%E2%80%934%20weeks%2C%20fixed%20sprints%20from%20%24490%29%0A%E2%80%A2%20Production-grade%20stack%3A%20React%2019%2C%20Next.js%2C%20Python%2C%20PostgreSQL%2C%20Docker%2C%20AI/LLMs%0A%0AWould%20you%20be%20open%20to%20a%20quick%2010-minute%20chat%20or%20async%20message%20exchange%20to%20see%20if%20we%20could%20support%20your%20upcoming%20project%20pipeline%3F%0A%0ABest%20regards%2C%0A%0AImran%20%26%20Mubin%0AFounders%20%26%20Senior%20Engineers%20%7C%20DEVDUO%20Studio%0APortfolio%3A%20https%3A//imron-backend-frotend.github.io/devduo-agency/en/%0ATelegram%3A%20https%3A//t.me/rolldurov%0AEmail%3A%20devduo.engineering%40gmail.com%0A,Веб-студия во Флориде. Берут заказы от малого и среднего бизнеса США.,"Hi Gallagher Website Design team,

I’ve been following your work and really admire the digital experiences and products you deliver.

I’m Imran, co-founder at DEVDUO (https://imron-backend-frotend.github.io/devduo-agency/en/). We are an engineering studio of two senior developers (Lead Backend Architect + Senior Product Engineer).

We partner with creative and digital agencies in the US, UK, and Europe as a dedicated white-label engineering arm. Whenever you need custom web platforms, complex backends (FastAPI/Python/Node), or mobile/AI integrations, we build the technical side under your brand:

• 100% Senior Engineers (zero junior handoffs or PM bloat)
• High velocity (MVPs shipped in 2–4 weeks, fixed sprints from $490)
• Production-grade stack: React 19, Next.js, Python, PostgreSQL, Docker, AI/LLMs

Would you be open to a quick 10-minute chat or async message exchange to see if we could support your upcoming project pipeline?

Best regards,

Imran & Mubin
Founders & Senior Engineers | DEVDUO Studio
Portfolio: https://imron-backend-frotend.github.io/devduo-agency/en/
Telegram: https://t.me/rolldurov
Email: devduo.engineering@gmail.com
",Ожидает отправки
45,RocketAir Design,США (Остин / SF),Email,hello@rocketair.com,https://rocketair.com,mailto:hello@rocketair.com?subject=Dev%20partnership%20/%20White-label%20engineering%20for%20RocketAir%20Design&body=Hi%20RocketAir%20Design%20team%2C%0A%0AI%E2%80%99ve%20been%20following%20your%20work%20and%20really%20admire%20the%20digital%20experiences%20and%20products%20you%20deliver.%0A%0AI%E2%80%99m%20Imran%2C%20co-founder%20at%20DEVDUO%20%28https%3A//imron-backend-frotend.github.io/devduo-agency/en/%29.%20We%20are%20an%20engineering%20studio%20of%20two%20senior%20developers%20%28Lead%20Backend%20Architect%20%2B%20Senior%20Product%20Engineer%29.%0A%0AWe%20partner%20with%20creative%20and%20digital%20agencies%20in%20the%20US%2C%20UK%2C%20and%20Europe%20as%20a%20dedicated%20white-label%20engineering%20arm.%20Whenever%20you%20need%20custom%20web%20platforms%2C%20complex%20backends%20%28FastAPI/Python/Node%29%2C%20or%20mobile/AI%20integrations%2C%20we%20build%20the%20technical%20side%20under%20your%20brand%3A%0A%0A%E2%80%A2%20100%25%20Senior%20Engineers%20%28zero%20junior%20handoffs%20or%20PM%20bloat%29%0A%E2%80%A2%20High%20velocity%20%28MVPs%20shipped%20in%202%E2%80%934%20weeks%2C%20fixed%20sprints%20from%20%24490%29%0A%E2%80%A2%20Production-grade%20stack%3A%20React%2019%2C%20Next.js%2C%20Python%2C%20PostgreSQL%2C%20Docker%2C%20AI/LLMs%0A%0AWould%20you%20be%20open%20to%20a%20quick%2010-minute%20chat%20or%20async%20message%20exchange%20to%20see%20if%20we%20could%20support%20your%20upcoming%20project%20pipeline%3F%0A%0ABest%20regards%2C%0A%0AImran%20%26%20Mubin%0AFounders%20%26%20Senior%20Engineers%20%7C%20DEVDUO%20Studio%0APortfolio%3A%20https%3A//imron-backend-frotend.github.io/devduo-agency/en/%0ATelegram%3A%20https%3A//t.me/rolldurov%0AEmail%3A%20devduo.engineering%40gmail.com%0A,Дизайн-агентство для технологических стартапов. Нуждаются в бэкенд-инженерах.,"Hi RocketAir Design team,

I’ve been following your work and really admire the digital experiences and products you deliver.

I’m Imran, co-founder at DEVDUO (https://imron-backend-frotend.github.io/devduo-agency/en/). We are an engineering studio of two senior developers (Lead Backend Architect + Senior Product Engineer).

We partner with creative and digital agencies in the US, UK, and Europe as a dedicated white-label engineering arm. Whenever you need custom web platforms, complex backends (FastAPI/Python/Node), or mobile/AI integrations, we build the technical side under your brand:

• 100% Senior Engineers (zero junior handoffs or PM bloat)
• High velocity (MVPs shipped in 2–4 weeks, fixed sprints from $490)
• Production-grade stack: React 19, Next.js, Python, PostgreSQL, Docker, AI/LLMs

Would you be open to a quick 10-minute chat or async message exchange to see if we could support your upcoming project pipeline?

Best regards,

Imran & Mubin
Founders & Senior Engineers | DEVDUO Studio
Portfolio: https://imron-backend-frotend.github.io/devduo-agency/en/
Telegram: https://t.me/rolldurov
Email: devduo.engineering@gmail.com
",Ожидает отправки
46,Clay Global,США (Сан-Франциско),Email,hello@clay.global,https://clay.global,mailto:hello@clay.global?subject=Dev%20partnership%20/%20White-label%20engineering%20for%20Clay%20Global&body=Hi%20Clay%20Global%20team%2C%0A%0AI%E2%80%99ve%20been%20following%20your%20work%20and%20really%20admire%20the%20digital%20experiences%20and%20products%20you%20deliver.%0A%0AI%E2%80%99m%20Imran%2C%20co-founder%20at%20DEVDUO%20%28https%3A//imron-backend-frotend.github.io/devduo-agency/en/%29.%20We%20are%20an%20engineering%20studio%20of%20two%20senior%20developers%20%28Lead%20Backend%20Architect%20%2B%20Senior%20Product%20Engineer%29.%0A%0AWe%20partner%20with%20creative%20and%20digital%20agencies%20in%20the%20US%2C%20UK%2C%20and%20Europe%20as%20a%20dedicated%20white-label%20engineering%20arm.%20Whenever%20you%20need%20custom%20web%20platforms%2C%20complex%20backends%20%28FastAPI/Python/Node%29%2C%20or%20mobile/AI%20integrations%2C%20we%20build%20the%20technical%20side%20under%20your%20brand%3A%0A%0A%E2%80%A2%20100%25%20Senior%20Engineers%20%28zero%20junior%20handoffs%20or%20PM%20bloat%29%0A%E2%80%A2%20High%20velocity%20%28MVPs%20shipped%20in%202%E2%80%934%20weeks%2C%20fixed%20sprints%20from%20%24490%29%0A%E2%80%A2%20Production-grade%20stack%3A%20React%2019%2C%20Next.js%2C%20Python%2C%20PostgreSQL%2C%20Docker%2C%20AI/LLMs%0A%0AWould%20you%20be%20open%20to%20a%20quick%2010-minute%20chat%20or%20async%20message%20exchange%20to%20see%20if%20we%20could%20support%20your%20upcoming%20project%20pipeline%3F%0A%0ABest%20regards%2C%0A%0AImran%20%26%20Mubin%0AFounders%20%26%20Senior%20Engineers%20%7C%20DEVDUO%20Studio%0APortfolio%3A%20https%3A//imron-backend-frotend.github.io/devduo-agency/en/%0ATelegram%3A%20https%3A//t.me/rolldurov%0AEmail%3A%20devduo.engineering%40gmail.com%0A,Топ-студия в Кремниевой Долине. Часто ищут партнеров под реализацию сложных веб-систем.,"Hi Clay Global team,

I’ve been following your work and really admire the digital experiences and products you deliver.

I’m Imran, co-founder at DEVDUO (https://imron-backend-frotend.github.io/devduo-agency/en/). We are an engineering studio of two senior developers (Lead Backend Architect + Senior Product Engineer).

We partner with creative and digital agencies in the US, UK, and Europe as a dedicated white-label engineering arm. Whenever you need custom web platforms, complex backends (FastAPI/Python/Node), or mobile/AI integrations, we build the technical side under your brand:

• 100% Senior Engineers (zero junior handoffs or PM bloat)
• High velocity (MVPs shipped in 2–4 weeks, fixed sprints from $490)
• Production-grade stack: React 19, Next.js, Python, PostgreSQL, Docker, AI/LLMs

Would you be open to a quick 10-minute chat or async message exchange to see if we could support your upcoming project pipeline?

Best regards,

Imran & Mubin
Founders & Senior Engineers | DEVDUO Studio
Portfolio: https://imron-backend-frotend.github.io/devduo-agency/en/
Telegram: https://t.me/rolldurov
Email: devduo.engineering@gmail.com
",Ожидает отправки
47,Design Boutique UK,Великобритания (Лондон),Email,hello@designboutiqueuk.com,https://designboutiqueuk.com,mailto:hello@designboutiqueuk.com?subject=Dev%20partnership%20/%20White-label%20engineering%20for%20Design%20Boutique%20UK&body=Hi%20Design%20Boutique%20UK%20team%2C%0A%0AI%E2%80%99ve%20been%20following%20your%20work%20and%20really%20admire%20the%20digital%20experiences%20and%20products%20you%20deliver.%0A%0AI%E2%80%99m%20Imran%2C%20co-founder%20at%20DEVDUO%20%28https%3A//imron-backend-frotend.github.io/devduo-agency/en/%29.%20We%20are%20an%20engineering%20studio%20of%20two%20senior%20developers%20%28Lead%20Backend%20Architect%20%2B%20Senior%20Product%20Engineer%29.%0A%0AWe%20partner%20with%20creative%20and%20digital%20agencies%20in%20the%20US%2C%20UK%2C%20and%20Europe%20as%20a%20dedicated%20white-label%20engineering%20arm.%20Whenever%20you%20need%20custom%20web%20platforms%2C%20complex%20backends%20%28FastAPI/Python/Node%29%2C%20or%20mobile/AI%20integrations%2C%20we%20build%20the%20technical%20side%20under%20your%20brand%3A%0A%0A%E2%80%A2%20100%25%20Senior%20Engineers%20%28zero%20junior%20handoffs%20or%20PM%20bloat%29%0A%E2%80%A2%20High%20velocity%20%28MVPs%20shipped%20in%202%E2%80%934%20weeks%2C%20fixed%20sprints%20from%20%24490%29%0A%E2%80%A2%20Production-grade%20stack%3A%20React%2019%2C%20Next.js%2C%20Python%2C%20PostgreSQL%2C%20Docker%2C%20AI/LLMs%0A%0AWould%20you%20be%20open%20to%20a%20quick%2010-minute%20chat%20or%20async%20message%20exchange%20to%20see%20if%20we%20could%20support%20your%20upcoming%20project%20pipeline%3F%0A%0ABest%20regards%2C%0A%0AImran%20%26%20Mubin%0AFounders%20%26%20Senior%20Engineers%20%7C%20DEVDUO%20Studio%0APortfolio%3A%20https%3A//imron-backend-frotend.github.io/devduo-agency/en/%0ATelegram%3A%20https%3A//t.me/rolldurov%0AEmail%3A%20devduo.engineering%40gmail.com%0A,"Лондонский бутик дизайна. Делают премиум UI в Figma, ищут разработчиков.","Hi Design Boutique UK team,

I’ve been following your work and really admire the digital experiences and products you deliver.

I’m Imran, co-founder at DEVDUO (https://imron-backend-frotend.github.io/devduo-agency/en/). We are an engineering studio of two senior developers (Lead Backend Architect + Senior Product Engineer).

We partner with creative and digital agencies in the US, UK, and Europe as a dedicated white-label engineering arm. Whenever you need custom web platforms, complex backends (FastAPI/Python/Node), or mobile/AI integrations, we build the technical side under your brand:

• 100% Senior Engineers (zero junior handoffs or PM bloat)
• High velocity (MVPs shipped in 2–4 weeks, fixed sprints from $490)
• Production-grade stack: React 19, Next.js, Python, PostgreSQL, Docker, AI/LLMs

Would you be open to a quick 10-minute chat or async message exchange to see if we could support your upcoming project pipeline?

Best regards,

Imran & Mubin
Founders & Senior Engineers | DEVDUO Studio
Portfolio: https://imron-backend-frotend.github.io/devduo-agency/en/
Telegram: https://t.me/rolldurov
Email: devduo.engineering@gmail.com
",Ожидает отправки
48,Digitali Studio,Великобритания (Лондон),Email,hello@digitali.co.uk,https://digitali.co.uk,mailto:hello@digitali.co.uk?subject=Dev%20partnership%20/%20White-label%20engineering%20for%20Digitali%20Studio&body=Hi%20Digitali%20Studio%20team%2C%0A%0AI%E2%80%99ve%20been%20following%20your%20work%20and%20really%20admire%20the%20digital%20experiences%20and%20products%20you%20deliver.%0A%0AI%E2%80%99m%20Imran%2C%20co-founder%20at%20DEVDUO%20%28https%3A//imron-backend-frotend.github.io/devduo-agency/en/%29.%20We%20are%20an%20engineering%20studio%20of%20two%20senior%20developers%20%28Lead%20Backend%20Architect%20%2B%20Senior%20Product%20Engineer%29.%0A%0AWe%20partner%20with%20creative%20and%20digital%20agencies%20in%20the%20US%2C%20UK%2C%20and%20Europe%20as%20a%20dedicated%20white-label%20engineering%20arm.%20Whenever%20you%20need%20custom%20web%20platforms%2C%20complex%20backends%20%28FastAPI/Python/Node%29%2C%20or%20mobile/AI%20integrations%2C%20we%20build%20the%20technical%20side%20under%20your%20brand%3A%0A%0A%E2%80%A2%20100%25%20Senior%20Engineers%20%28zero%20junior%20handoffs%20or%20PM%20bloat%29%0A%E2%80%A2%20High%20velocity%20%28MVPs%20shipped%20in%202%E2%80%934%20weeks%2C%20fixed%20sprints%20from%20%24490%29%0A%E2%80%A2%20Production-grade%20stack%3A%20React%2019%2C%20Next.js%2C%20Python%2C%20PostgreSQL%2C%20Docker%2C%20AI/LLMs%0A%0AWould%20you%20be%20open%20to%20a%20quick%2010-minute%20chat%20or%20async%20message%20exchange%20to%20see%20if%20we%20could%20support%20your%20upcoming%20project%20pipeline%3F%0A%0ABest%20regards%2C%0A%0AImran%20%26%20Mubin%0AFounders%20%26%20Senior%20Engineers%20%7C%20DEVDUO%20Studio%0APortfolio%3A%20https%3A//imron-backend-frotend.github.io/devduo-agency/en/%0ATelegram%3A%20https%3A//t.me/rolldurov%0AEmail%3A%20devduo.engineering%40gmail.com%0A,Британская студия в Лондоне. Открыты к партнерству по веб-приложениям и Next.js.,"Hi Digitali Studio team,

I’ve been following your work and really admire the digital experiences and products you deliver.

I’m Imran, co-founder at DEVDUO (https://imron-backend-frotend.github.io/devduo-agency/en/). We are an engineering studio of two senior developers (Lead Backend Architect + Senior Product Engineer).

We partner with creative and digital agencies in the US, UK, and Europe as a dedicated white-label engineering arm. Whenever you need custom web platforms, complex backends (FastAPI/Python/Node), or mobile/AI integrations, we build the technical side under your brand:

• 100% Senior Engineers (zero junior handoffs or PM bloat)
• High velocity (MVPs shipped in 2–4 weeks, fixed sprints from $490)
• Production-grade stack: React 19, Next.js, Python, PostgreSQL, Docker, AI/LLMs

Would you be open to a quick 10-minute chat or async message exchange to see if we could support your upcoming project pipeline?

Best regards,

Imran & Mubin
Founders & Senior Engineers | DEVDUO Studio
Portfolio: https://imron-backend-frotend.github.io/devduo-agency/en/
Telegram: https://t.me/rolldurov
Email: devduo.engineering@gmail.com
",Ожидает отправки
49,Fellow Studio,Великобритания (Лондон),Email,info@fellowstudio.com,https://fellowstudio.com,mailto:info@fellowstudio.com?subject=Dev%20partnership%20/%20White-label%20engineering%20for%20Fellow%20Studio&body=Hi%20Fellow%20Studio%20team%2C%0A%0AI%E2%80%99ve%20been%20following%20your%20work%20and%20really%20admire%20the%20digital%20experiences%20and%20products%20you%20deliver.%0A%0AI%E2%80%99m%20Imran%2C%20co-founder%20at%20DEVDUO%20%28https%3A//imron-backend-frotend.github.io/devduo-agency/en/%29.%20We%20are%20an%20engineering%20studio%20of%20two%20senior%20developers%20%28Lead%20Backend%20Architect%20%2B%20Senior%20Product%20Engineer%29.%0A%0AWe%20partner%20with%20creative%20and%20digital%20agencies%20in%20the%20US%2C%20UK%2C%20and%20Europe%20as%20a%20dedicated%20white-label%20engineering%20arm.%20Whenever%20you%20need%20custom%20web%20platforms%2C%20complex%20backends%20%28FastAPI/Python/Node%29%2C%20or%20mobile/AI%20integrations%2C%20we%20build%20the%20technical%20side%20under%20your%20brand%3A%0A%0A%E2%80%A2%20100%25%20Senior%20Engineers%20%28zero%20junior%20handoffs%20or%20PM%20bloat%29%0A%E2%80%A2%20High%20velocity%20%28MVPs%20shipped%20in%202%E2%80%934%20weeks%2C%20fixed%20sprints%20from%20%24490%29%0A%E2%80%A2%20Production-grade%20stack%3A%20React%2019%2C%20Next.js%2C%20Python%2C%20PostgreSQL%2C%20Docker%2C%20AI/LLMs%0A%0AWould%20you%20be%20open%20to%20a%20quick%2010-minute%20chat%20or%20async%20message%20exchange%20to%20see%20if%20we%20could%20support%20your%20upcoming%20project%20pipeline%3F%0A%0ABest%20regards%2C%0A%0AImran%20%26%20Mubin%0AFounders%20%26%20Senior%20Engineers%20%7C%20DEVDUO%20Studio%0APortfolio%3A%20https%3A//imron-backend-frotend.github.io/devduo-agency/en/%0ATelegram%3A%20https%3A//t.me/rolldurov%0AEmail%3A%20devduo.engineering%40gmail.com%0A,Премиальное брендинговое агентство в Лондоне. Нужны надежные fullstack-инженеры.,"Hi Fellow Studio team,

I’ve been following your work and really admire the digital experiences and products you deliver.

I’m Imran, co-founder at DEVDUO (https://imron-backend-frotend.github.io/devduo-agency/en/). We are an engineering studio of two senior developers (Lead Backend Architect + Senior Product Engineer).

We partner with creative and digital agencies in the US, UK, and Europe as a dedicated white-label engineering arm. Whenever you need custom web platforms, complex backends (FastAPI/Python/Node), or mobile/AI integrations, we build the technical side under your brand:

• 100% Senior Engineers (zero junior handoffs or PM bloat)
• High velocity (MVPs shipped in 2–4 weeks, fixed sprints from $490)
• Production-grade stack: React 19, Next.js, Python, PostgreSQL, Docker, AI/LLMs

Would you be open to a quick 10-minute chat or async message exchange to see if we could support your upcoming project pipeline?

Best regards,

Imran & Mubin
Founders & Senior Engineers | DEVDUO Studio
Portfolio: https://imron-backend-frotend.github.io/devduo-agency/en/
Telegram: https://t.me/rolldurov
Email: devduo.engineering@gmail.com
",Ожидает отправки
50,MintTwist,Великобритания (Лондон),Email,hello@minttwist.com,https://minttwist.com,mailto:hello@minttwist.com?subject=Dev%20partnership%20/%20White-label%20engineering%20for%20MintTwist&body=Hi%20MintTwist%20team%2C%0A%0AI%E2%80%99ve%20been%20following%20your%20work%20and%20really%20admire%20the%20digital%20experiences%20and%20products%20you%20deliver.%0A%0AI%E2%80%99m%20Imran%2C%20co-founder%20at%20DEVDUO%20%28https%3A//imron-backend-frotend.github.io/devduo-agency/en/%29.%20We%20are%20an%20engineering%20studio%20of%20two%20senior%20developers%20%28Lead%20Backend%20Architect%20%2B%20Senior%20Product%20Engineer%29.%0A%0AWe%20partner%20with%20creative%20and%20digital%20agencies%20in%20the%20US%2C%20UK%2C%20and%20Europe%20as%20a%20dedicated%20white-label%20engineering%20arm.%20Whenever%20you%20need%20custom%20web%20platforms%2C%20complex%20backends%20%28FastAPI/Python/Node%29%2C%20or%20mobile/AI%20integrations%2C%20we%20build%20the%20technical%20side%20under%20your%20brand%3A%0A%0A%E2%80%A2%20100%25%20Senior%20Engineers%20%28zero%20junior%20handoffs%20or%20PM%20bloat%29%0A%E2%80%A2%20High%20velocity%20%28MVPs%20shipped%20in%202%E2%80%934%20weeks%2C%20fixed%20sprints%20from%20%24490%29%0A%E2%80%A2%20Production-grade%20stack%3A%20React%2019%2C%20Next.js%2C%20Python%2C%20PostgreSQL%2C%20Docker%2C%20AI/LLMs%0A%0AWould%20you%20be%20open%20to%20a%20quick%2010-minute%20chat%20or%20async%20message%20exchange%20to%20see%20if%20we%20could%20support%20your%20upcoming%20project%20pipeline%3F%0A%0ABest%20regards%2C%0A%0AImran%20%26%20Mubin%0AFounders%20%26%20Senior%20Engineers%20%7C%20DEVDUO%20Studio%0APortfolio%3A%20https%3A//imron-backend-frotend.github.io/devduo-agency/en/%0ATelegram%3A%20https%3A//t.me/rolldurov%0AEmail%3A%20devduo.engineering%40gmail.com%0A,Лондонское диджитал-агентство. Привлекают внешние инженерные команды.,"Hi MintTwist team,

I’ve been following your work and really admire the digital experiences and products you deliver.

I’m Imran, co-founder at DEVDUO (https://imron-backend-frotend.github.io/devduo-agency/en/). We are an engineering studio of two senior developers (Lead Backend Architect + Senior Product Engineer).

We partner with creative and digital agencies in the US, UK, and Europe as a dedicated white-label engineering arm. Whenever you need custom web platforms, complex backends (FastAPI/Python/Node), or mobile/AI integrations, we build the technical side under your brand:

• 100% Senior Engineers (zero junior handoffs or PM bloat)
• High velocity (MVPs shipped in 2–4 weeks, fixed sprints from $490)
• Production-grade stack: React 19, Next.js, Python, PostgreSQL, Docker, AI/LLMs

Would you be open to a quick 10-minute chat or async message exchange to see if we could support your upcoming project pipeline?

Best regards,

Imran & Mubin
Founders & Senior Engineers | DEVDUO Studio
Portfolio: https://imron-backend-frotend.github.io/devduo-agency/en/
Telegram: https://t.me/rolldurov
Email: devduo.engineering@gmail.com
",Ожидает отправки
51,Webheads,Великобритания (Центральный Лондон),Email,info@webheads.co.uk,https://webheads.co.uk,mailto:info@webheads.co.uk?subject=Dev%20partnership%20/%20White-label%20engineering%20for%20Webheads&body=Hi%20Webheads%20team%2C%0A%0AI%E2%80%99ve%20been%20following%20your%20work%20and%20really%20admire%20the%20digital%20experiences%20and%20products%20you%20deliver.%0A%0AI%E2%80%99m%20Imran%2C%20co-founder%20at%20DEVDUO%20%28https%3A//imron-backend-frotend.github.io/devduo-agency/en/%29.%20We%20are%20an%20engineering%20studio%20of%20two%20senior%20developers%20%28Lead%20Backend%20Architect%20%2B%20Senior%20Product%20Engineer%29.%0A%0AWe%20partner%20with%20creative%20and%20digital%20agencies%20in%20the%20US%2C%20UK%2C%20and%20Europe%20as%20a%20dedicated%20white-label%20engineering%20arm.%20Whenever%20you%20need%20custom%20web%20platforms%2C%20complex%20backends%20%28FastAPI/Python/Node%29%2C%20or%20mobile/AI%20integrations%2C%20we%20build%20the%20technical%20side%20under%20your%20brand%3A%0A%0A%E2%80%A2%20100%25%20Senior%20Engineers%20%28zero%20junior%20handoffs%20or%20PM%20bloat%29%0A%E2%80%A2%20High%20velocity%20%28MVPs%20shipped%20in%202%E2%80%934%20weeks%2C%20fixed%20sprints%20from%20%24490%29%0A%E2%80%A2%20Production-grade%20stack%3A%20React%2019%2C%20Next.js%2C%20Python%2C%20PostgreSQL%2C%20Docker%2C%20AI/LLMs%0A%0AWould%20you%20be%20open%20to%20a%20quick%2010-minute%20chat%20or%20async%20message%20exchange%20to%20see%20if%20we%20could%20support%20your%20upcoming%20project%20pipeline%3F%0A%0ABest%20regards%2C%0A%0AImran%20%26%20Mubin%0AFounders%20%26%20Senior%20Engineers%20%7C%20DEVDUO%20Studio%0APortfolio%3A%20https%3A//imron-backend-frotend.github.io/devduo-agency/en/%0ATelegram%3A%20https%3A//t.me/rolldurov%0AEmail%3A%20devduo.engineering%40gmail.com%0A,Веб-агентство с 20-летней историей в центре Лондона.,"Hi Webheads team,

I’ve been following your work and really admire the digital experiences and products you deliver.

I’m Imran, co-founder at DEVDUO (https://imron-backend-frotend.github.io/devduo-agency/en/). We are an engineering studio of two senior developers (Lead Backend Architect + Senior Product Engineer).

We partner with creative and digital agencies in the US, UK, and Europe as a dedicated white-label engineering arm. Whenever you need custom web platforms, complex backends (FastAPI/Python/Node), or mobile/AI integrations, we build the technical side under your brand:

• 100% Senior Engineers (zero junior handoffs or PM bloat)
• High velocity (MVPs shipped in 2–4 weeks, fixed sprints from $490)
• Production-grade stack: React 19, Next.js, Python, PostgreSQL, Docker, AI/LLMs

Would you be open to a quick 10-minute chat or async message exchange to see if we could support your upcoming project pipeline?

Best regards,

Imran & Mubin
Founders & Senior Engineers | DEVDUO Studio
Portfolio: https://imron-backend-frotend.github.io/devduo-agency/en/
Telegram: https://t.me/rolldurov
Email: devduo.engineering@gmail.com
",Ожидает отправки
52,WEBPRO Creative,Великобритания (Лондон),Email,enquiries@webprocreative.co.uk,https://webprocreative.co.uk,mailto:enquiries@webprocreative.co.uk?subject=Dev%20partnership%20/%20White-label%20engineering%20for%20WEBPRO%20Creative&body=Hi%20WEBPRO%20Creative%20team%2C%0A%0AI%E2%80%99ve%20been%20following%20your%20work%20and%20really%20admire%20the%20digital%20experiences%20and%20products%20you%20deliver.%0A%0AI%E2%80%99m%20Imran%2C%20co-founder%20at%20DEVDUO%20%28https%3A//imron-backend-frotend.github.io/devduo-agency/en/%29.%20We%20are%20an%20engineering%20studio%20of%20two%20senior%20developers%20%28Lead%20Backend%20Architect%20%2B%20Senior%20Product%20Engineer%29.%0A%0AWe%20partner%20with%20creative%20and%20digital%20agencies%20in%20the%20US%2C%20UK%2C%20and%20Europe%20as%20a%20dedicated%20white-label%20engineering%20arm.%20Whenever%20you%20need%20custom%20web%20platforms%2C%20complex%20backends%20%28FastAPI/Python/Node%29%2C%20or%20mobile/AI%20integrations%2C%20we%20build%20the%20technical%20side%20under%20your%20brand%3A%0A%0A%E2%80%A2%20100%25%20Senior%20Engineers%20%28zero%20junior%20handoffs%20or%20PM%20bloat%29%0A%E2%80%A2%20High%20velocity%20%28MVPs%20shipped%20in%202%E2%80%934%20weeks%2C%20fixed%20sprints%20from%20%24490%29%0A%E2%80%A2%20Production-grade%20stack%3A%20React%2019%2C%20Next.js%2C%20Python%2C%20PostgreSQL%2C%20Docker%2C%20AI/LLMs%0A%0AWould%20you%20be%20open%20to%20a%20quick%2010-minute%20chat%20or%20async%20message%20exchange%20to%20see%20if%20we%20could%20support%20your%20upcoming%20project%20pipeline%3F%0A%0ABest%20regards%2C%0A%0AImran%20%26%20Mubin%0AFounders%20%26%20Senior%20Engineers%20%7C%20DEVDUO%20Studio%0APortfolio%3A%20https%3A//imron-backend-frotend.github.io/devduo-agency/en/%0ATelegram%3A%20https%3A//t.me/rolldurov%0AEmail%3A%20devduo.engineering%40gmail.com%0A,Студия заказной веб-разработки и системных интеграций.,"Hi WEBPRO Creative team,

I’ve been following your work and really admire the digital experiences and products you deliver.

I’m Imran, co-founder at DEVDUO (https://imron-backend-frotend.github.io/devduo-agency/en/). We are an engineering studio of two senior developers (Lead Backend Architect + Senior Product Engineer).

We partner with creative and digital agencies in the US, UK, and Europe as a dedicated white-label engineering arm. Whenever you need custom web platforms, complex backends (FastAPI/Python/Node), or mobile/AI integrations, we build the technical side under your brand:

• 100% Senior Engineers (zero junior handoffs or PM bloat)
• High velocity (MVPs shipped in 2–4 weeks, fixed sprints from $490)
• Production-grade stack: React 19, Next.js, Python, PostgreSQL, Docker, AI/LLMs

Would you be open to a quick 10-minute chat or async message exchange to see if we could support your upcoming project pipeline?

Best regards,

Imran & Mubin
Founders & Senior Engineers | DEVDUO Studio
Portfolio: https://imron-backend-frotend.github.io/devduo-agency/en/
Telegram: https://t.me/rolldurov
Email: devduo.engineering@gmail.com
",Ожидает отправки
53,Build in Amsterdam,Нидерланды (Амстердам),Email,hello@buildinamsterdam.com,https://buildinamsterdam.com,mailto:hello@buildinamsterdam.com?subject=Dev%20partnership%20/%20White-label%20engineering%20for%20Build%20in%20Amsterdam&body=Hi%20Build%20in%20Amsterdam%20team%2C%0A%0AI%E2%80%99ve%20been%20following%20your%20work%20and%20really%20admire%20the%20digital%20experiences%20and%20products%20you%20deliver.%0A%0AI%E2%80%99m%20Imran%2C%20co-founder%20at%20DEVDUO%20%28https%3A//imron-backend-frotend.github.io/devduo-agency/en/%29.%20We%20are%20an%20engineering%20studio%20of%20two%20senior%20developers%20%28Lead%20Backend%20Architect%20%2B%20Senior%20Product%20Engineer%29.%0A%0AWe%20partner%20with%20creative%20and%20digital%20agencies%20in%20the%20US%2C%20UK%2C%20and%20Europe%20as%20a%20dedicated%20white-label%20engineering%20arm.%20Whenever%20you%20need%20custom%20web%20platforms%2C%20complex%20backends%20%28FastAPI/Python/Node%29%2C%20or%20mobile/AI%20integrations%2C%20we%20build%20the%20technical%20side%20under%20your%20brand%3A%0A%0A%E2%80%A2%20100%25%20Senior%20Engineers%20%28zero%20junior%20handoffs%20or%20PM%20bloat%29%0A%E2%80%A2%20High%20velocity%20%28MVPs%20shipped%20in%202%E2%80%934%20weeks%2C%20fixed%20sprints%20from%20%24490%29%0A%E2%80%A2%20Production-grade%20stack%3A%20React%2019%2C%20Next.js%2C%20Python%2C%20PostgreSQL%2C%20Docker%2C%20AI/LLMs%0A%0AWould%20you%20be%20open%20to%20a%20quick%2010-minute%20chat%20or%20async%20message%20exchange%20to%20see%20if%20we%20could%20support%20your%20upcoming%20project%20pipeline%3F%0A%0ABest%20regards%2C%0A%0AImran%20%26%20Mubin%0AFounders%20%26%20Senior%20Engineers%20%7C%20DEVDUO%20Studio%0APortfolio%3A%20https%3A//imron-backend-frotend.github.io/devduo-agency/en/%0ATelegram%3A%20https%3A//t.me/rolldurov%0AEmail%3A%20devduo.engineering%40gmail.com%0A,Знаменитое креативное агентство в Амстердаме. Берут проекты международного масштаба.,"Hi Build in Amsterdam team,

I’ve been following your work and really admire the digital experiences and products you deliver.

I’m Imran, co-founder at DEVDUO (https://imron-backend-frotend.github.io/devduo-agency/en/). We are an engineering studio of two senior developers (Lead Backend Architect + Senior Product Engineer).

We partner with creative and digital agencies in the US, UK, and Europe as a dedicated white-label engineering arm. Whenever you need custom web platforms, complex backends (FastAPI/Python/Node), or mobile/AI integrations, we build the technical side under your brand:

• 100% Senior Engineers (zero junior handoffs or PM bloat)
• High velocity (MVPs shipped in 2–4 weeks, fixed sprints from $490)
• Production-grade stack: React 19, Next.js, Python, PostgreSQL, Docker, AI/LLMs

Would you be open to a quick 10-minute chat or async message exchange to see if we could support your upcoming project pipeline?

Best regards,

Imran & Mubin
Founders & Senior Engineers | DEVDUO Studio
Portfolio: https://imron-backend-frotend.github.io/devduo-agency/en/
Telegram: https://t.me/rolldurov
Email: devduo.engineering@gmail.com
",Ожидает отправки
54,Brandium Agency,Нидерланды (Амстердам),Email,hello@brandium.nl,https://brandium.nl,mailto:hello@brandium.nl?subject=Dev%20partnership%20/%20White-label%20engineering%20for%20Brandium%20Agency&body=Hi%20Brandium%20Agency%20team%2C%0A%0AI%E2%80%99ve%20been%20following%20your%20work%20and%20really%20admire%20the%20digital%20experiences%20and%20products%20you%20deliver.%0A%0AI%E2%80%99m%20Imran%2C%20co-founder%20at%20DEVDUO%20%28https%3A//imron-backend-frotend.github.io/devduo-agency/en/%29.%20We%20are%20an%20engineering%20studio%20of%20two%20senior%20developers%20%28Lead%20Backend%20Architect%20%2B%20Senior%20Product%20Engineer%29.%0A%0AWe%20partner%20with%20creative%20and%20digital%20agencies%20in%20the%20US%2C%20UK%2C%20and%20Europe%20as%20a%20dedicated%20white-label%20engineering%20arm.%20Whenever%20you%20need%20custom%20web%20platforms%2C%20complex%20backends%20%28FastAPI/Python/Node%29%2C%20or%20mobile/AI%20integrations%2C%20we%20build%20the%20technical%20side%20under%20your%20brand%3A%0A%0A%E2%80%A2%20100%25%20Senior%20Engineers%20%28zero%20junior%20handoffs%20or%20PM%20bloat%29%0A%E2%80%A2%20High%20velocity%20%28MVPs%20shipped%20in%202%E2%80%934%20weeks%2C%20fixed%20sprints%20from%20%24490%29%0A%E2%80%A2%20Production-grade%20stack%3A%20React%2019%2C%20Next.js%2C%20Python%2C%20PostgreSQL%2C%20Docker%2C%20AI/LLMs%0A%0AWould%20you%20be%20open%20to%20a%20quick%2010-minute%20chat%20or%20async%20message%20exchange%20to%20see%20if%20we%20could%20support%20your%20upcoming%20project%20pipeline%3F%0A%0ABest%20regards%2C%0A%0AImran%20%26%20Mubin%0AFounders%20%26%20Senior%20Engineers%20%7C%20DEVDUO%20Studio%0APortfolio%3A%20https%3A//imron-backend-frotend.github.io/devduo-agency/en/%0ATelegram%3A%20https%3A//t.me/rolldurov%0AEmail%3A%20devduo.engineering%40gmail.com%0A,Агентство брендинга и веб-технологий в Нидерландах.,"Hi Brandium Agency team,

I’ve been following your work and really admire the digital experiences and products you deliver.

I’m Imran, co-founder at DEVDUO (https://imron-backend-frotend.github.io/devduo-agency/en/). We are an engineering studio of two senior developers (Lead Backend Architect + Senior Product Engineer).

We partner with creative and digital agencies in the US, UK, and Europe as a dedicated white-label engineering arm. Whenever you need custom web platforms, complex backends (FastAPI/Python/Node), or mobile/AI integrations, we build the technical side under your brand:

• 100% Senior Engineers (zero junior handoffs or PM bloat)
• High velocity (MVPs shipped in 2–4 weeks, fixed sprints from $490)
• Production-grade stack: React 19, Next.js, Python, PostgreSQL, Docker, AI/LLMs

Would you be open to a quick 10-minute chat or async message exchange to see if we could support your upcoming project pipeline?

Best regards,

Imran & Mubin
Founders & Senior Engineers | DEVDUO Studio
Portfolio: https://imron-backend-frotend.github.io/devduo-agency/en/
Telegram: https://t.me/rolldurov
Email: devduo.engineering@gmail.com
",Ожидает отправки
